#include <assert.h>
#ifdef _MSC_VER
#include <intrin.h>
#endif
#include <psyz.h>
#include <psyz/log.h>
#include <libgpu.h>
#include "../internal.h"

// This GTE implementation should be accurate. Results are covered via the same
// unit tests that have been confirmed to be green on a real PlayStation 1.
//
// Most code paths use 64-bit types to natively compute the expected result
// with the fastest available math. To avoid emulated 64-bit math on 32-bit
// targets, an alternate but slower implementation is provided to still remain
// accurate but without the greater 64-bit emulation performance loss.
//
// The PSP target does not use the allegrex versions of the accelerated vertex
// and matrix math, due to the cost of converting the values from integer to
// float, and the cost of actually running the PSP co-processor.
//
// Most consoles such as PS2, Dreamcast or GBA could use different code paths
// to use hardware accelerated math, while ensuring a decent level of accuracy.

#if defined(__LP64__) || defined(_WIN64)
#define GTE_64BIT
#endif

// Names from https://www.problemkaputt.de/psx-spx.htm#gteoverview
#define GTE_REGS(R)                                                            \
    R(SVECTOR, v0)         /* cop1 0-1 */                                      \
    R(SVECTOR, v1)         /* cop1 2-3 */                                      \
    R(SVECTOR, v2)         /* cop1 4-5 */                                      \
    R(CVECTOR, rgbc)       /* cop1 6 */                                        \
    R(unsigned short, otz) /* cop1 7 average Z value */                        \
    R(short, ir0)          /* cop1 8 accumulator, interpolate */               \
    R(short, ir1)          /* cop1 9 accumulator, vector x */                  \
    R(short, ir2)          /* cop1 10 accumulator, vector y */                 \
    R(short, ir3)          /* cop1 11 accumulator, vector z */                 \
    R(short, sx0)          /* cop1 12-14 screen XY FIFO */                     \
    R(short, sy0)                                                              \
    R(short, sx1)                                                              \
    R(short, sy1)                                                              \
    R(short, sx2)                                                              \
    R(short, sy2)                                                              \
    R(short, sxp) /* cop1 15 */                                                \
    R(short, syp)                                                              \
    R(unsigned short, sz0) /* cop1 16-19 screen Z FIFO */                      \
    R(unsigned short, sz1)                                                     \
    R(unsigned short, sz2)                                                     \
    R(unsigned short, sz3)                                                     \
    R(int, mac0)          /* cop1 24 math accumulator (value) */               \
    R(int, mac1)          /* cop1 25 math accumulator (vector) */              \
    R(int, mac2)          /* cop1 26 math accumulator (vector) */              \
    R(int, mac3)          /* cop1 27 math accumulator (vector) */              \
    R(unsigned int, rgb0) /* cop1 20 color FIFO */                             \
    R(unsigned int, rgb1) /* cop1 21 */                                        \
    R(unsigned int, rgb2) /* cop1 22 */                                        \
    R(unsigned int, res1) /* cop1 23 (reserved) */                             \
    R(MATRIX, m)          /* cop2 0-7, rotation 3x3 + translation */           \
    R(MATRIX, l1)         /* cop2 8-15 light source 3x3 + bg color */          \
    R(MATRIX, l2)         /* cop2 16-23 light source 3x3 + bg color */         \
    R(int, ofx)           /* cop2 24 screen offset X */                        \
    R(int, ofy)           /* cop2 25 screen offset Y */                        \
    R(unsigned short, h)  /* cop2 26 projection plane distance */              \
    R(short, dqa)         /* cop2 27 depth queing parameter A (coeff) */       \
    R(int, dqb)           /* cop2 28 depth queing parameter B (s32) */         \
    R(short, zsf3)        /* cop2 29 average Z scale factor */                 \
    R(short, zsf4)        /* cop2 30 average Z scale factor */                 \
    R(unsigned int, flag) /* cop2 31 */

#ifdef GTE_64BIT
#define GTE_REG(type, name) static type gte_##name;
GTE_REGS(GTE_REG)
#define GTE(name) gte_##name
#else
#define GTE_REG(type, name) type name;
static struct {
    GTE_REGS(GTE_REG)
} gte;
#define GTE(name) gte.name
#endif

#define V0 GTE(v0)
#define V1 GTE(v1)
#define V2 GTE(v2)
#define RGBC GTE(rgbc)
#define OTZ GTE(otz)
#define IR0 GTE(ir0)
#define IR1 GTE(ir1)
#define IR2 GTE(ir2)
#define IR3 GTE(ir3)
#define SX0 GTE(sx0)
#define SY0 GTE(sy0)
#define SX1 GTE(sx1)
#define SY1 GTE(sy1)
#define SX2 GTE(sx2)
#define SY2 GTE(sy2)
#define SXP GTE(sxp)
#define SYP GTE(syp)
#define SZ0 GTE(sz0)
#define SZ1 GTE(sz1)
#define SZ2 GTE(sz2)
#define SZ3 GTE(sz3)
#define MAC0 GTE(mac0)
#define MAC1 GTE(mac1)
#define MAC2 GTE(mac2)
#define MAC3 GTE(mac3)
#define RGB0 GTE(rgb0)
#define RGB1 GTE(rgb1)
#define RGB2 GTE(rgb2)
#define RES1 GTE(res1)
#define M GTE(m)
#define L1 GTE(l1)
#define L2 GTE(l2)
#define OFX GTE(ofx)
#define OFY GTE(ofy)
#define H GTE(h)
#define DQA GTE(dqa)
#define DQB GTE(dqb)
#define ZSF3 GTE(zsf3)
#define ZSF4 GTE(zsf4)
#define FLAG GTE(flag)

// Packs a screen XY register pair the way the GTE data registers hold it.
// Both halves must be masked: SX/SY are signed, so promoting a negative SX to
// int would sign-extend over the whole upper half and clobber SY.
#define SXY(sx, sy)                                                            \
    (((unsigned int)(unsigned short)(sx)) |                                    \
     (((unsigned int)(unsigned short)(sy)) << 16))

static unsigned int pack_xy(short x, short y);
static void MVMVA(unsigned int cmd25);

// FLAG register bits
#define FLAG_MAC1_OVF_POS (1u << 30) // MAC1 overflow > +(1<<43)-1
#define FLAG_MAC2_OVF_POS (1u << 29)
#define FLAG_MAC3_OVF_POS (1u << 28)
#define FLAG_MAC1_OVF_NEG (1u << 27) // MAC1 overflow < -(1<<43)
#define FLAG_MAC2_OVF_NEG (1u << 26)
#define FLAG_MAC3_OVF_NEG (1u << 25)
#define FLAG_IR1_SAT (1u << 24)
#define FLAG_IR2_SAT (1u << 23)
#define FLAG_IR3_SAT (1u << 22)
#define FLAG_COL_R_SAT (1u << 21) // RGB FIFO R saturated to 0..ff
#define FLAG_COL_G_SAT (1u << 20)
#define FLAG_COL_B_SAT (1u << 19)
#define FLAG_SZ3_OTZ_SAT (1u << 18)  // SZ3 or OTZ saturated to 0..ffff
#define FLAG_DIV_OVF (1u << 17)      // Divide overflow
#define FLAG_MAC0_OVF_POS (1u << 16) // MAC0 overflow > +(1<<31)-1
#define FLAG_MAC0_OVF_NEG (1u << 15) // MAC0 overflow < -(1<<31)
#define FLAG_SX2_SAT (1u << 14)
#define FLAG_SY2_SAT (1u << 13)
#define FLAG_IR0_SAT (1u << 12)
#define FLAG_ERROR_MASK 0x7F87E000u
#define FLAG_ERROR (1u << 31)
#define FLAG_UPDATE_ERROR()                                                    \
    do {                                                                       \
        if (FLAG & FLAG_ERROR_MASK)                                            \
            FLAG |= FLAG_ERROR;                                                \
    } while (0)

#define CMD_SF(cmd) (((cmd) >> 19) & 1)
#define CMD_LM(cmd) (((cmd) >> 10) & 1)

static const short rcossin_tbl[][2] = {
    {0x0000, 0x1000}, {0x0006, 0x1000}, {0x000D, 0x1000}, {0x0013, 0x1000},
    {0x0019, 0x1000}, {0x001F, 0x1000}, {0x0026, 0x1000}, {0x002C, 0x1000},
    {0x0032, 0x1000}, {0x0039, 0x1000}, {0x003F, 0x1000}, {0x0045, 0x0FFF},
    {0x004B, 0x0FFF}, {0x0052, 0x0FFF}, {0x0058, 0x0FFF}, {0x005E, 0x0FFF},
    {0x0065, 0x0FFF}, {0x006B, 0x0FFF}, {0x0071, 0x0FFE}, {0x0077, 0x0FFE},
    {0x007E, 0x0FFE}, {0x0084, 0x0FFE}, {0x008A, 0x0FFE}, {0x0090, 0x0FFD},
    {0x0097, 0x0FFD}, {0x009D, 0x0FFD}, {0x00A3, 0x0FFD}, {0x00AA, 0x0FFC},
    {0x00B0, 0x0FFC}, {0x00B6, 0x0FFC}, {0x00BC, 0x0FFC}, {0x00C3, 0x0FFB},
    {0x00C9, 0x0FFB}, {0x00CF, 0x0FFB}, {0x00D6, 0x0FFA}, {0x00DC, 0x0FFA},
    {0x00E2, 0x0FFA}, {0x00E8, 0x0FF9}, {0x00EF, 0x0FF9}, {0x00F5, 0x0FF9},
    {0x00FB, 0x0FF8}, {0x0101, 0x0FF8}, {0x0108, 0x0FF8}, {0x010E, 0x0FF7},
    {0x0114, 0x0FF7}, {0x011B, 0x0FF6}, {0x0121, 0x0FF6}, {0x0127, 0x0FF5},
    {0x012D, 0x0FF5}, {0x0134, 0x0FF4}, {0x013A, 0x0FF4}, {0x0140, 0x0FF3},
    {0x0146, 0x0FF3}, {0x014D, 0x0FF2}, {0x0153, 0x0FF2}, {0x0159, 0x0FF1},
    {0x015F, 0x0FF1}, {0x0166, 0x0FF0}, {0x016C, 0x0FF0}, {0x0172, 0x0FEF},
    {0x0178, 0x0FEF}, {0x017F, 0x0FEE}, {0x0185, 0x0FED}, {0x018B, 0x0FED},
    {0x0191, 0x0FEC}, {0x0198, 0x0FEC}, {0x019E, 0x0FEB}, {0x01A4, 0x0FEA},
    {0x01AA, 0x0FEA}, {0x01B1, 0x0FE9}, {0x01B7, 0x0FE8}, {0x01BD, 0x0FE8},
    {0x01C3, 0x0FE7}, {0x01CA, 0x0FE6}, {0x01D0, 0x0FE6}, {0x01D6, 0x0FE5},
    {0x01DC, 0x0FE4}, {0x01E3, 0x0FE3}, {0x01E9, 0x0FE3}, {0x01EF, 0x0FE2},
    {0x01F5, 0x0FE1}, {0x01FC, 0x0FE0}, {0x0202, 0x0FE0}, {0x0208, 0x0FDF},
    {0x020E, 0x0FDE}, {0x0215, 0x0FDD}, {0x021B, 0x0FDC}, {0x0221, 0x0FDC},
    {0x0227, 0x0FDB}, {0x022D, 0x0FDA}, {0x0234, 0x0FD9}, {0x023A, 0x0FD8},
    {0x0240, 0x0FD7}, {0x0246, 0x0FD6}, {0x024D, 0x0FD5}, {0x0253, 0x0FD5},
    {0x0259, 0x0FD4}, {0x025F, 0x0FD3}, {0x0265, 0x0FD2}, {0x026C, 0x0FD1},
    {0x0272, 0x0FD0}, {0x0278, 0x0FCF}, {0x027E, 0x0FCE}, {0x0284, 0x0FCD},
    {0x028B, 0x0FCC}, {0x0291, 0x0FCB}, {0x0297, 0x0FCA}, {0x029D, 0x0FC9},
    {0x02A3, 0x0FC8}, {0x02AA, 0x0FC7}, {0x02B0, 0x0FC6}, {0x02B6, 0x0FC5},
    {0x02BC, 0x0FC4}, {0x02C2, 0x0FC3}, {0x02C9, 0x0FC2}, {0x02CF, 0x0FC0},
    {0x02D5, 0x0FBF}, {0x02DB, 0x0FBE}, {0x02E1, 0x0FBD}, {0x02E8, 0x0FBC},
    {0x02EE, 0x0FBB}, {0x02F4, 0x0FBA}, {0x02FA, 0x0FB8}, {0x0300, 0x0FB7},
    {0x0306, 0x0FB6}, {0x030D, 0x0FB5}, {0x0313, 0x0FB4}, {0x0319, 0x0FB3},
    {0x031F, 0x0FB1}, {0x0325, 0x0FB0}, {0x032B, 0x0FAF}, {0x0332, 0x0FAE},
    {0x0338, 0x0FAC}, {0x033E, 0x0FAB}, {0x0344, 0x0FAA}, {0x034A, 0x0FA8},
    {0x0350, 0x0FA7}, {0x0356, 0x0FA6}, {0x035D, 0x0FA5}, {0x0363, 0x0FA3},
    {0x0369, 0x0FA2}, {0x036F, 0x0FA1}, {0x0375, 0x0F9F}, {0x037B, 0x0F9E},
    {0x0381, 0x0F9C}, {0x0388, 0x0F9B}, {0x038E, 0x0F9A}, {0x0394, 0x0F98},
    {0x039A, 0x0F97}, {0x03A0, 0x0F95}, {0x03A6, 0x0F94}, {0x03AC, 0x0F93},
    {0x03B2, 0x0F91}, {0x03B9, 0x0F90}, {0x03BF, 0x0F8E}, {0x03C5, 0x0F8D},
    {0x03CB, 0x0F8B}, {0x03D1, 0x0F8A}, {0x03D7, 0x0F88}, {0x03DD, 0x0F87},
    {0x03E3, 0x0F85}, {0x03E9, 0x0F84}, {0x03EF, 0x0F82}, {0x03F6, 0x0F81},
    {0x03FC, 0x0F7F}, {0x0402, 0x0F7D}, {0x0408, 0x0F7C}, {0x040E, 0x0F7A},
    {0x0414, 0x0F79}, {0x041A, 0x0F77}, {0x0420, 0x0F76}, {0x0426, 0x0F74},
    {0x042C, 0x0F72}, {0x0432, 0x0F71}, {0x0438, 0x0F6F}, {0x043E, 0x0F6D},
    {0x0444, 0x0F6C}, {0x044B, 0x0F6A}, {0x0451, 0x0F68}, {0x0457, 0x0F67},
    {0x045D, 0x0F65}, {0x0463, 0x0F63}, {0x0469, 0x0F61}, {0x046F, 0x0F60},
    {0x0475, 0x0F5E}, {0x047B, 0x0F5C}, {0x0481, 0x0F5A}, {0x0487, 0x0F59},
    {0x048D, 0x0F57}, {0x0493, 0x0F55}, {0x0499, 0x0F53}, {0x049F, 0x0F51},
    {0x04A5, 0x0F50}, {0x04AB, 0x0F4E}, {0x04B1, 0x0F4C}, {0x04B7, 0x0F4A},
    {0x04BD, 0x0F48}, {0x04C3, 0x0F46}, {0x04C9, 0x0F45}, {0x04CF, 0x0F43},
    {0x04D5, 0x0F41}, {0x04DB, 0x0F3F}, {0x04E1, 0x0F3D}, {0x04E7, 0x0F3B},
    {0x04ED, 0x0F39}, {0x04F3, 0x0F37}, {0x04F9, 0x0F35}, {0x04FF, 0x0F33},
    {0x0505, 0x0F31}, {0x050B, 0x0F2F}, {0x0511, 0x0F2D}, {0x0517, 0x0F2B},
    {0x051D, 0x0F29}, {0x0523, 0x0F27}, {0x0529, 0x0F25}, {0x052F, 0x0F23},
    {0x0534, 0x0F21}, {0x053A, 0x0F1F}, {0x0540, 0x0F1D}, {0x0546, 0x0F1B},
    {0x054C, 0x0F19}, {0x0552, 0x0F17}, {0x0558, 0x0F15}, {0x055E, 0x0F13},
    {0x0564, 0x0F11}, {0x056A, 0x0F0E}, {0x0570, 0x0F0C}, {0x0576, 0x0F0A},
    {0x057C, 0x0F08}, {0x0581, 0x0F06}, {0x0587, 0x0F04}, {0x058D, 0x0F02},
    {0x0593, 0x0EFF}, {0x0599, 0x0EFD}, {0x059F, 0x0EFB}, {0x05A5, 0x0EF9},
    {0x05AB, 0x0EF7}, {0x05B1, 0x0EF4}, {0x05B6, 0x0EF2}, {0x05BC, 0x0EF0},
    {0x05C2, 0x0EEE}, {0x05C8, 0x0EEB}, {0x05CE, 0x0EE9}, {0x05D4, 0x0EE7},
    {0x05DA, 0x0EE4}, {0x05DF, 0x0EE2}, {0x05E5, 0x0EE0}, {0x05EB, 0x0EDD},
    {0x05F1, 0x0EDB}, {0x05F7, 0x0ED9}, {0x05FD, 0x0ED6}, {0x0602, 0x0ED4},
    {0x0608, 0x0ED2}, {0x060E, 0x0ECF}, {0x0614, 0x0ECD}, {0x061A, 0x0ECB},
    {0x061F, 0x0EC8}, {0x0625, 0x0EC6}, {0x062B, 0x0EC3}, {0x0631, 0x0EC1},
    {0x0637, 0x0EBF}, {0x063C, 0x0EBC}, {0x0642, 0x0EBA}, {0x0648, 0x0EB7},
    {0x064E, 0x0EB5}, {0x0654, 0x0EB2}, {0x0659, 0x0EB0}, {0x065F, 0x0EAD},
    {0x0665, 0x0EAB}, {0x066B, 0x0EA8}, {0x0670, 0x0EA6}, {0x0676, 0x0EA3},
    {0x067C, 0x0EA1}, {0x0682, 0x0E9E}, {0x0687, 0x0E9B}, {0x068D, 0x0E99},
    {0x0693, 0x0E96}, {0x0699, 0x0E94}, {0x069E, 0x0E91}, {0x06A4, 0x0E8F},
    {0x06AA, 0x0E8C}, {0x06AF, 0x0E89}, {0x06B5, 0x0E87}, {0x06BB, 0x0E84},
    {0x06C1, 0x0E81}, {0x06C6, 0x0E7F}, {0x06CC, 0x0E7C}, {0x06D2, 0x0E79},
    {0x06D7, 0x0E77}, {0x06DD, 0x0E74}, {0x06E3, 0x0E71}, {0x06E8, 0x0E6F},
    {0x06EE, 0x0E6C}, {0x06F4, 0x0E69}, {0x06F9, 0x0E66}, {0x06FF, 0x0E64},
    {0x0705, 0x0E61}, {0x070A, 0x0E5E}, {0x0710, 0x0E5B}, {0x0715, 0x0E59},
    {0x071B, 0x0E56}, {0x0721, 0x0E53}, {0x0726, 0x0E50}, {0x072C, 0x0E4D},
    {0x0732, 0x0E4B}, {0x0737, 0x0E48}, {0x073D, 0x0E45}, {0x0742, 0x0E42},
    {0x0748, 0x0E3F}, {0x074E, 0x0E3C}, {0x0753, 0x0E3A}, {0x0759, 0x0E37},
    {0x075E, 0x0E34}, {0x0764, 0x0E31}, {0x076A, 0x0E2E}, {0x076F, 0x0E2B},
    {0x0775, 0x0E28}, {0x077A, 0x0E25}, {0x0780, 0x0E22}, {0x0785, 0x0E1F},
    {0x078B, 0x0E1C}, {0x0790, 0x0E19}, {0x0796, 0x0E16}, {0x079B, 0x0E13},
    {0x07A1, 0x0E10}, {0x07A6, 0x0E0D}, {0x07AC, 0x0E0A}, {0x07B2, 0x0E07},
    {0x07B7, 0x0E04}, {0x07BD, 0x0E01}, {0x07C2, 0x0DFE}, {0x07C8, 0x0DFB},
    {0x07CD, 0x0DF8}, {0x07D2, 0x0DF5}, {0x07D8, 0x0DF2}, {0x07DD, 0x0DEF},
    {0x07E3, 0x0DEC}, {0x07E8, 0x0DE9}, {0x07EE, 0x0DE6}, {0x07F3, 0x0DE3},
    {0x07F9, 0x0DDF}, {0x07FE, 0x0DDC}, {0x0804, 0x0DD9}, {0x0809, 0x0DD6},
    {0x080E, 0x0DD3}, {0x0814, 0x0DD0}, {0x0819, 0x0DCC}, {0x081F, 0x0DC9},
    {0x0824, 0x0DC6}, {0x082A, 0x0DC3}, {0x082F, 0x0DC0}, {0x0834, 0x0DBC},
    {0x083A, 0x0DB9}, {0x083F, 0x0DB6}, {0x0845, 0x0DB3}, {0x084A, 0x0DB0},
    {0x084F, 0x0DAC}, {0x0855, 0x0DA9}, {0x085A, 0x0DA6}, {0x085F, 0x0DA2},
    {0x0865, 0x0D9F}, {0x086A, 0x0D9C}, {0x086F, 0x0D99}, {0x0875, 0x0D95},
    {0x087A, 0x0D92}, {0x087F, 0x0D8F}, {0x0885, 0x0D8B}, {0x088A, 0x0D88},
    {0x088F, 0x0D85}, {0x0895, 0x0D81}, {0x089A, 0x0D7E}, {0x089F, 0x0D7A},
    {0x08A5, 0x0D77}, {0x08AA, 0x0D74}, {0x08AF, 0x0D70}, {0x08B4, 0x0D6D},
    {0x08BA, 0x0D69}, {0x08BF, 0x0D66}, {0x08C4, 0x0D62}, {0x08C9, 0x0D5F},
    {0x08CF, 0x0D5C}, {0x08D4, 0x0D58}, {0x08D9, 0x0D55}, {0x08DE, 0x0D51},
    {0x08E4, 0x0D4E}, {0x08E9, 0x0D4A}, {0x08EE, 0x0D47}, {0x08F3, 0x0D43},
    {0x08F8, 0x0D40}, {0x08FE, 0x0D3C}, {0x0903, 0x0D39}, {0x0908, 0x0D35},
    {0x090D, 0x0D32}, {0x0912, 0x0D2E}, {0x0918, 0x0D2A}, {0x091D, 0x0D27},
    {0x0922, 0x0D23}, {0x0927, 0x0D20}, {0x092C, 0x0D1C}, {0x0931, 0x0D18},
    {0x0937, 0x0D15}, {0x093C, 0x0D11}, {0x0941, 0x0D0E}, {0x0946, 0x0D0A},
    {0x094B, 0x0D06}, {0x0950, 0x0D03}, {0x0955, 0x0CFF}, {0x095A, 0x0CFB},
    {0x095F, 0x0CF8}, {0x0965, 0x0CF4}, {0x096A, 0x0CF0}, {0x096F, 0x0CED},
    {0x0974, 0x0CE9}, {0x0979, 0x0CE5}, {0x097E, 0x0CE1}, {0x0983, 0x0CDE},
    {0x0988, 0x0CDA}, {0x098D, 0x0CD6}, {0x0992, 0x0CD2}, {0x0997, 0x0CCF},
    {0x099C, 0x0CCB}, {0x09A1, 0x0CC7}, {0x09A6, 0x0CC3}, {0x09AB, 0x0CC0},
    {0x09B0, 0x0CBC}, {0x09B5, 0x0CB8}, {0x09BA, 0x0CB4}, {0x09BF, 0x0CB0},
    {0x09C4, 0x0CAC}, {0x09C9, 0x0CA9}, {0x09CE, 0x0CA5}, {0x09D3, 0x0CA1},
    {0x09D8, 0x0C9D}, {0x09DD, 0x0C99}, {0x09E2, 0x0C95}, {0x09E7, 0x0C91},
    {0x09EC, 0x0C8E}, {0x09F1, 0x0C8A}, {0x09F6, 0x0C86}, {0x09FB, 0x0C82},
    {0x09FF, 0x0C7E}, {0x0A04, 0x0C7A}, {0x0A09, 0x0C76}, {0x0A0E, 0x0C72},
    {0x0A13, 0x0C6E}, {0x0A18, 0x0C6A}, {0x0A1D, 0x0C66}, {0x0A22, 0x0C62},
    {0x0A26, 0x0C5E}, {0x0A2B, 0x0C5A}, {0x0A30, 0x0C56}, {0x0A35, 0x0C52},
    {0x0A3A, 0x0C4E}, {0x0A3F, 0x0C4A}, {0x0A44, 0x0C46}, {0x0A48, 0x0C42},
    {0x0A4D, 0x0C3E}, {0x0A52, 0x0C3A}, {0x0A57, 0x0C36}, {0x0A5C, 0x0C32},
    {0x0A60, 0x0C2E}, {0x0A65, 0x0C2A}, {0x0A6A, 0x0C26}, {0x0A6F, 0x0C22},
    {0x0A73, 0x0C1E}, {0x0A78, 0x0C19}, {0x0A7D, 0x0C15}, {0x0A82, 0x0C11},
    {0x0A86, 0x0C0D}, {0x0A8B, 0x0C09}, {0x0A90, 0x0C05}, {0x0A95, 0x0C01},
    {0x0A99, 0x0BFC}, {0x0A9E, 0x0BF8}, {0x0AA3, 0x0BF4}, {0x0AA7, 0x0BF0},
    {0x0AAC, 0x0BEC}, {0x0AB1, 0x0BE8}, {0x0AB5, 0x0BE3}, {0x0ABA, 0x0BDF},
    {0x0ABF, 0x0BDB}, {0x0AC3, 0x0BD7}, {0x0AC8, 0x0BD2}, {0x0ACD, 0x0BCE},
    {0x0AD1, 0x0BCA}, {0x0AD6, 0x0BC6}, {0x0ADB, 0x0BC1}, {0x0ADF, 0x0BBD},
    {0x0AE4, 0x0BB9}, {0x0AE8, 0x0BB5}, {0x0AED, 0x0BB0}, {0x0AF2, 0x0BAC},
    {0x0AF6, 0x0BA8}, {0x0AFB, 0x0BA3}, {0x0AFF, 0x0B9F}, {0x0B04, 0x0B9B},
    {0x0B08, 0x0B97}, {0x0B0D, 0x0B92}, {0x0B11, 0x0B8E}, {0x0B16, 0x0B89},
    {0x0B1B, 0x0B85}, {0x0B1F, 0x0B81}, {0x0B24, 0x0B7C}, {0x0B28, 0x0B78},
    {0x0B2D, 0x0B74}, {0x0B31, 0x0B6F}, {0x0B36, 0x0B6B}, {0x0B3A, 0x0B66},
    {0x0B3E, 0x0B62}, {0x0B43, 0x0B5E}, {0x0B47, 0x0B59}, {0x0B4C, 0x0B55},
    {0x0B50, 0x0B50}, {0x0B55, 0x0B4C}, {0x0B59, 0x0B47}, {0x0B5E, 0x0B43},
    {0x0B62, 0x0B3E}, {0x0B66, 0x0B3A}, {0x0B6B, 0x0B36}, {0x0B6F, 0x0B31},
    {0x0B74, 0x0B2D}, {0x0B78, 0x0B28}, {0x0B7C, 0x0B24}, {0x0B81, 0x0B1F},
    {0x0B85, 0x0B1B}, {0x0B89, 0x0B16}, {0x0B8E, 0x0B11}, {0x0B92, 0x0B0D},
    {0x0B97, 0x0B08}, {0x0B9B, 0x0B04}, {0x0B9F, 0x0AFF}, {0x0BA3, 0x0AFB},
    {0x0BA8, 0x0AF6}, {0x0BAC, 0x0AF2}, {0x0BB0, 0x0AED}, {0x0BB5, 0x0AE8},
    {0x0BB9, 0x0AE4}, {0x0BBD, 0x0ADF}, {0x0BC1, 0x0ADB}, {0x0BC6, 0x0AD6},
    {0x0BCA, 0x0AD1}, {0x0BCE, 0x0ACD}, {0x0BD2, 0x0AC8}, {0x0BD7, 0x0AC3},
    {0x0BDB, 0x0ABF}, {0x0BDF, 0x0ABA}, {0x0BE3, 0x0AB5}, {0x0BE8, 0x0AB1},
    {0x0BEC, 0x0AAC}, {0x0BF0, 0x0AA7}, {0x0BF4, 0x0AA3}, {0x0BF8, 0x0A9E},
    {0x0BFC, 0x0A99}, {0x0C01, 0x0A95}, {0x0C05, 0x0A90}, {0x0C09, 0x0A8B},
    {0x0C0D, 0x0A86}, {0x0C11, 0x0A82}, {0x0C15, 0x0A7D}, {0x0C19, 0x0A78},
    {0x0C1E, 0x0A73}, {0x0C22, 0x0A6F}, {0x0C26, 0x0A6A}, {0x0C2A, 0x0A65},
    {0x0C2E, 0x0A60}, {0x0C32, 0x0A5C}, {0x0C36, 0x0A57}, {0x0C3A, 0x0A52},
    {0x0C3E, 0x0A4D}, {0x0C42, 0x0A48}, {0x0C46, 0x0A44}, {0x0C4A, 0x0A3F},
    {0x0C4E, 0x0A3A}, {0x0C52, 0x0A35}, {0x0C56, 0x0A30}, {0x0C5A, 0x0A2B},
    {0x0C5E, 0x0A26}, {0x0C62, 0x0A22}, {0x0C66, 0x0A1D}, {0x0C6A, 0x0A18},
    {0x0C6E, 0x0A13}, {0x0C72, 0x0A0E}, {0x0C76, 0x0A09}, {0x0C7A, 0x0A04},
    {0x0C7E, 0x09FF}, {0x0C82, 0x09FB}, {0x0C86, 0x09F6}, {0x0C8A, 0x09F1},
    {0x0C8E, 0x09EC}, {0x0C91, 0x09E7}, {0x0C95, 0x09E2}, {0x0C99, 0x09DD},
    {0x0C9D, 0x09D8}, {0x0CA1, 0x09D3}, {0x0CA5, 0x09CE}, {0x0CA9, 0x09C9},
    {0x0CAC, 0x09C4}, {0x0CB0, 0x09BF}, {0x0CB4, 0x09BA}, {0x0CB8, 0x09B5},
    {0x0CBC, 0x09B0}, {0x0CC0, 0x09AB}, {0x0CC3, 0x09A6}, {0x0CC7, 0x09A1},
    {0x0CCB, 0x099C}, {0x0CCF, 0x0997}, {0x0CD2, 0x0992}, {0x0CD6, 0x098D},
    {0x0CDA, 0x0988}, {0x0CDE, 0x0983}, {0x0CE1, 0x097E}, {0x0CE5, 0x0979},
    {0x0CE9, 0x0974}, {0x0CED, 0x096F}, {0x0CF0, 0x096A}, {0x0CF4, 0x0965},
    {0x0CF8, 0x095F}, {0x0CFB, 0x095A}, {0x0CFF, 0x0955}, {0x0D03, 0x0950},
    {0x0D06, 0x094B}, {0x0D0A, 0x0946}, {0x0D0E, 0x0941}, {0x0D11, 0x093C},
    {0x0D15, 0x0937}, {0x0D18, 0x0931}, {0x0D1C, 0x092C}, {0x0D20, 0x0927},
    {0x0D23, 0x0922}, {0x0D27, 0x091D}, {0x0D2A, 0x0918}, {0x0D2E, 0x0912},
    {0x0D32, 0x090D}, {0x0D35, 0x0908}, {0x0D39, 0x0903}, {0x0D3C, 0x08FE},
    {0x0D40, 0x08F8}, {0x0D43, 0x08F3}, {0x0D47, 0x08EE}, {0x0D4A, 0x08E9},
    {0x0D4E, 0x08E4}, {0x0D51, 0x08DE}, {0x0D55, 0x08D9}, {0x0D58, 0x08D4},
    {0x0D5C, 0x08CF}, {0x0D5F, 0x08C9}, {0x0D62, 0x08C4}, {0x0D66, 0x08BF},
    {0x0D69, 0x08BA}, {0x0D6D, 0x08B4}, {0x0D70, 0x08AF}, {0x0D74, 0x08AA},
    {0x0D77, 0x08A5}, {0x0D7A, 0x089F}, {0x0D7E, 0x089A}, {0x0D81, 0x0895},
    {0x0D85, 0x088F}, {0x0D88, 0x088A}, {0x0D8B, 0x0885}, {0x0D8F, 0x087F},
    {0x0D92, 0x087A}, {0x0D95, 0x0875}, {0x0D99, 0x086F}, {0x0D9C, 0x086A},
    {0x0D9F, 0x0865}, {0x0DA2, 0x085F}, {0x0DA6, 0x085A}, {0x0DA9, 0x0855},
    {0x0DAC, 0x084F}, {0x0DB0, 0x084A}, {0x0DB3, 0x0845}, {0x0DB6, 0x083F},
    {0x0DB9, 0x083A}, {0x0DBC, 0x0834}, {0x0DC0, 0x082F}, {0x0DC3, 0x082A},
    {0x0DC6, 0x0824}, {0x0DC9, 0x081F}, {0x0DCC, 0x0819}, {0x0DD0, 0x0814},
    {0x0DD3, 0x080E}, {0x0DD6, 0x0809}, {0x0DD9, 0x0804}, {0x0DDC, 0x07FE},
    {0x0DDF, 0x07F9}, {0x0DE3, 0x07F3}, {0x0DE6, 0x07EE}, {0x0DE9, 0x07E8},
    {0x0DEC, 0x07E3}, {0x0DEF, 0x07DD}, {0x0DF2, 0x07D8}, {0x0DF5, 0x07D2},
    {0x0DF8, 0x07CD}, {0x0DFB, 0x07C8}, {0x0DFE, 0x07C2}, {0x0E01, 0x07BD},
    {0x0E04, 0x07B7}, {0x0E07, 0x07B2}, {0x0E0A, 0x07AC}, {0x0E0D, 0x07A6},
    {0x0E10, 0x07A1}, {0x0E13, 0x079B}, {0x0E16, 0x0796}, {0x0E19, 0x0790},
    {0x0E1C, 0x078B}, {0x0E1F, 0x0785}, {0x0E22, 0x0780}, {0x0E25, 0x077A},
    {0x0E28, 0x0775}, {0x0E2B, 0x076F}, {0x0E2E, 0x076A}, {0x0E31, 0x0764},
    {0x0E34, 0x075E}, {0x0E37, 0x0759}, {0x0E3A, 0x0753}, {0x0E3C, 0x074E},
    {0x0E3F, 0x0748}, {0x0E42, 0x0742}, {0x0E45, 0x073D}, {0x0E48, 0x0737},
    {0x0E4B, 0x0732}, {0x0E4D, 0x072C}, {0x0E50, 0x0726}, {0x0E53, 0x0721},
    {0x0E56, 0x071B}, {0x0E59, 0x0715}, {0x0E5B, 0x0710}, {0x0E5E, 0x070A},
    {0x0E61, 0x0705}, {0x0E64, 0x06FF}, {0x0E66, 0x06F9}, {0x0E69, 0x06F4},
    {0x0E6C, 0x06EE}, {0x0E6F, 0x06E8}, {0x0E71, 0x06E3}, {0x0E74, 0x06DD},
    {0x0E77, 0x06D7}, {0x0E79, 0x06D2}, {0x0E7C, 0x06CC}, {0x0E7F, 0x06C6},
    {0x0E81, 0x06C1}, {0x0E84, 0x06BB}, {0x0E87, 0x06B5}, {0x0E89, 0x06AF},
    {0x0E8C, 0x06AA}, {0x0E8F, 0x06A4}, {0x0E91, 0x069E}, {0x0E94, 0x0699},
    {0x0E96, 0x0693}, {0x0E99, 0x068D}, {0x0E9B, 0x0687}, {0x0E9E, 0x0682},
    {0x0EA1, 0x067C}, {0x0EA3, 0x0676}, {0x0EA6, 0x0670}, {0x0EA8, 0x066B},
    {0x0EAB, 0x0665}, {0x0EAD, 0x065F}, {0x0EB0, 0x0659}, {0x0EB2, 0x0654},
    {0x0EB5, 0x064E}, {0x0EB7, 0x0648}, {0x0EBA, 0x0642}, {0x0EBC, 0x063C},
    {0x0EBF, 0x0637}, {0x0EC1, 0x0631}, {0x0EC3, 0x062B}, {0x0EC6, 0x0625},
    {0x0EC8, 0x061F}, {0x0ECB, 0x061A}, {0x0ECD, 0x0614}, {0x0ECF, 0x060E},
    {0x0ED2, 0x0608}, {0x0ED4, 0x0602}, {0x0ED6, 0x05FD}, {0x0ED9, 0x05F7},
    {0x0EDB, 0x05F1}, {0x0EDD, 0x05EB}, {0x0EE0, 0x05E5}, {0x0EE2, 0x05DF},
    {0x0EE4, 0x05DA}, {0x0EE7, 0x05D4}, {0x0EE9, 0x05CE}, {0x0EEB, 0x05C8},
    {0x0EEE, 0x05C2}, {0x0EF0, 0x05BC}, {0x0EF2, 0x05B6}, {0x0EF4, 0x05B1},
    {0x0EF7, 0x05AB}, {0x0EF9, 0x05A5}, {0x0EFB, 0x059F}, {0x0EFD, 0x0599},
    {0x0EFF, 0x0593}, {0x0F02, 0x058D}, {0x0F04, 0x0587}, {0x0F06, 0x0581},
    {0x0F08, 0x057C}, {0x0F0A, 0x0576}, {0x0F0C, 0x0570}, {0x0F0E, 0x056A},
    {0x0F11, 0x0564}, {0x0F13, 0x055E}, {0x0F15, 0x0558}, {0x0F17, 0x0552},
    {0x0F19, 0x054C}, {0x0F1B, 0x0546}, {0x0F1D, 0x0540}, {0x0F1F, 0x053A},
    {0x0F21, 0x0534}, {0x0F23, 0x052F}, {0x0F25, 0x0529}, {0x0F27, 0x0523},
    {0x0F29, 0x051D}, {0x0F2B, 0x0517}, {0x0F2D, 0x0511}, {0x0F2F, 0x050B},
    {0x0F31, 0x0505}, {0x0F33, 0x04FF}, {0x0F35, 0x04F9}, {0x0F37, 0x04F3},
    {0x0F39, 0x04ED}, {0x0F3B, 0x04E7}, {0x0F3D, 0x04E1}, {0x0F3F, 0x04DB},
    {0x0F41, 0x04D5}, {0x0F43, 0x04CF}, {0x0F45, 0x04C9}, {0x0F46, 0x04C3},
    {0x0F48, 0x04BD}, {0x0F4A, 0x04B7}, {0x0F4C, 0x04B1}, {0x0F4E, 0x04AB},
    {0x0F50, 0x04A5}, {0x0F51, 0x049F}, {0x0F53, 0x0499}, {0x0F55, 0x0493},
    {0x0F57, 0x048D}, {0x0F59, 0x0487}, {0x0F5A, 0x0481}, {0x0F5C, 0x047B},
    {0x0F5E, 0x0475}, {0x0F60, 0x046F}, {0x0F61, 0x0469}, {0x0F63, 0x0463},
    {0x0F65, 0x045D}, {0x0F67, 0x0457}, {0x0F68, 0x0451}, {0x0F6A, 0x044B},
    {0x0F6C, 0x0444}, {0x0F6D, 0x043E}, {0x0F6F, 0x0438}, {0x0F71, 0x0432},
    {0x0F72, 0x042C}, {0x0F74, 0x0426}, {0x0F76, 0x0420}, {0x0F77, 0x041A},
    {0x0F79, 0x0414}, {0x0F7A, 0x040E}, {0x0F7C, 0x0408}, {0x0F7D, 0x0402},
    {0x0F7F, 0x03FC}, {0x0F81, 0x03F6}, {0x0F82, 0x03EF}, {0x0F84, 0x03E9},
    {0x0F85, 0x03E3}, {0x0F87, 0x03DD}, {0x0F88, 0x03D7}, {0x0F8A, 0x03D1},
    {0x0F8B, 0x03CB}, {0x0F8D, 0x03C5}, {0x0F8E, 0x03BF}, {0x0F90, 0x03B9},
    {0x0F91, 0x03B2}, {0x0F93, 0x03AC}, {0x0F94, 0x03A6}, {0x0F95, 0x03A0},
    {0x0F97, 0x039A}, {0x0F98, 0x0394}, {0x0F9A, 0x038E}, {0x0F9B, 0x0388},
    {0x0F9C, 0x0381}, {0x0F9E, 0x037B}, {0x0F9F, 0x0375}, {0x0FA1, 0x036F},
    {0x0FA2, 0x0369}, {0x0FA3, 0x0363}, {0x0FA5, 0x035D}, {0x0FA6, 0x0356},
    {0x0FA7, 0x0350}, {0x0FA8, 0x034A}, {0x0FAA, 0x0344}, {0x0FAB, 0x033E},
    {0x0FAC, 0x0338}, {0x0FAE, 0x0332}, {0x0FAF, 0x032B}, {0x0FB0, 0x0325},
    {0x0FB1, 0x031F}, {0x0FB3, 0x0319}, {0x0FB4, 0x0313}, {0x0FB5, 0x030D},
    {0x0FB6, 0x0306}, {0x0FB7, 0x0300}, {0x0FB8, 0x02FA}, {0x0FBA, 0x02F4},
    {0x0FBB, 0x02EE}, {0x0FBC, 0x02E8}, {0x0FBD, 0x02E1}, {0x0FBE, 0x02DB},
    {0x0FBF, 0x02D5}, {0x0FC0, 0x02CF}, {0x0FC2, 0x02C9}, {0x0FC3, 0x02C2},
    {0x0FC4, 0x02BC}, {0x0FC5, 0x02B6}, {0x0FC6, 0x02B0}, {0x0FC7, 0x02AA},
    {0x0FC8, 0x02A3}, {0x0FC9, 0x029D}, {0x0FCA, 0x0297}, {0x0FCB, 0x0291},
    {0x0FCC, 0x028B}, {0x0FCD, 0x0284}, {0x0FCE, 0x027E}, {0x0FCF, 0x0278},
    {0x0FD0, 0x0272}, {0x0FD1, 0x026C}, {0x0FD2, 0x0265}, {0x0FD3, 0x025F},
    {0x0FD4, 0x0259}, {0x0FD5, 0x0253}, {0x0FD5, 0x024D}, {0x0FD6, 0x0246},
    {0x0FD7, 0x0240}, {0x0FD8, 0x023A}, {0x0FD9, 0x0234}, {0x0FDA, 0x022D},
    {0x0FDB, 0x0227}, {0x0FDC, 0x0221}, {0x0FDC, 0x021B}, {0x0FDD, 0x0215},
    {0x0FDE, 0x020E}, {0x0FDF, 0x0208}, {0x0FE0, 0x0202}, {0x0FE0, 0x01FC},
    {0x0FE1, 0x01F5}, {0x0FE2, 0x01EF}, {0x0FE3, 0x01E9}, {0x0FE3, 0x01E3},
    {0x0FE4, 0x01DC}, {0x0FE5, 0x01D6}, {0x0FE6, 0x01D0}, {0x0FE6, 0x01CA},
    {0x0FE7, 0x01C3}, {0x0FE8, 0x01BD}, {0x0FE8, 0x01B7}, {0x0FE9, 0x01B1},
    {0x0FEA, 0x01AA}, {0x0FEA, 0x01A4}, {0x0FEB, 0x019E}, {0x0FEC, 0x0198},
    {0x0FEC, 0x0191}, {0x0FED, 0x018B}, {0x0FED, 0x0185}, {0x0FEE, 0x017F},
    {0x0FEF, 0x0178}, {0x0FEF, 0x0172}, {0x0FF0, 0x016C}, {0x0FF0, 0x0166},
    {0x0FF1, 0x015F}, {0x0FF1, 0x0159}, {0x0FF2, 0x0153}, {0x0FF2, 0x014D},
    {0x0FF3, 0x0146}, {0x0FF3, 0x0140}, {0x0FF4, 0x013A}, {0x0FF4, 0x0134},
    {0x0FF5, 0x012D}, {0x0FF5, 0x0127}, {0x0FF6, 0x0121}, {0x0FF6, 0x011B},
    {0x0FF7, 0x0114}, {0x0FF7, 0x010E}, {0x0FF8, 0x0108}, {0x0FF8, 0x0101},
    {0x0FF8, 0x00FB}, {0x0FF9, 0x00F5}, {0x0FF9, 0x00EF}, {0x0FF9, 0x00E8},
    {0x0FFA, 0x00E2}, {0x0FFA, 0x00DC}, {0x0FFA, 0x00D6}, {0x0FFB, 0x00CF},
    {0x0FFB, 0x00C9}, {0x0FFB, 0x00C3}, {0x0FFC, 0x00BC}, {0x0FFC, 0x00B6},
    {0x0FFC, 0x00B0}, {0x0FFC, 0x00AA}, {0x0FFD, 0x00A3}, {0x0FFD, 0x009D},
    {0x0FFD, 0x0097}, {0x0FFD, 0x0090}, {0x0FFE, 0x008A}, {0x0FFE, 0x0084},
    {0x0FFE, 0x007E}, {0x0FFE, 0x0077}, {0x0FFE, 0x0071}, {0x0FFF, 0x006B},
    {0x0FFF, 0x0065}, {0x0FFF, 0x005E}, {0x0FFF, 0x0058}, {0x0FFF, 0x0052},
    {0x0FFF, 0x004B}, {0x0FFF, 0x0045}, {0x1000, 0x003F}, {0x1000, 0x0039},
    {0x1000, 0x0032}, {0x1000, 0x002C}, {0x1000, 0x0026}, {0x1000, 0x001F},
    {0x1000, 0x0019}, {0x1000, 0x0013}, {0x1000, 0x000D}, {0x1000, 0x0006},
    {0x1000, 0x0000}, {0x1000, 0xFFFA}, {0x1000, 0xFFF3}, {0x1000, 0xFFED},
    {0x1000, 0xFFE7}, {0x1000, 0xFFE1}, {0x1000, 0xFFDA}, {0x1000, 0xFFD4},
    {0x1000, 0xFFCE}, {0x1000, 0xFFC7}, {0x1000, 0xFFC1}, {0x0FFF, 0xFFBB},
    {0x0FFF, 0xFFB5}, {0x0FFF, 0xFFAE}, {0x0FFF, 0xFFA8}, {0x0FFF, 0xFFA2},
    {0x0FFF, 0xFF9B}, {0x0FFF, 0xFF95}, {0x0FFE, 0xFF8F}, {0x0FFE, 0xFF89},
    {0x0FFE, 0xFF82}, {0x0FFE, 0xFF7C}, {0x0FFE, 0xFF76}, {0x0FFD, 0xFF70},
    {0x0FFD, 0xFF69}, {0x0FFD, 0xFF63}, {0x0FFD, 0xFF5D}, {0x0FFC, 0xFF56},
    {0x0FFC, 0xFF50}, {0x0FFC, 0xFF4A}, {0x0FFC, 0xFF44}, {0x0FFB, 0xFF3D},
    {0x0FFB, 0xFF37}, {0x0FFB, 0xFF31}, {0x0FFA, 0xFF2A}, {0x0FFA, 0xFF24},
    {0x0FFA, 0xFF1E}, {0x0FF9, 0xFF18}, {0x0FF9, 0xFF11}, {0x0FF9, 0xFF0B},
    {0x0FF8, 0xFF05}, {0x0FF8, 0xFEFF}, {0x0FF8, 0xFEF8}, {0x0FF7, 0xFEF2},
    {0x0FF7, 0xFEEC}, {0x0FF6, 0xFEE5}, {0x0FF6, 0xFEDF}, {0x0FF5, 0xFED9},
    {0x0FF5, 0xFED3}, {0x0FF4, 0xFECC}, {0x0FF4, 0xFEC6}, {0x0FF3, 0xFEC0},
    {0x0FF3, 0xFEBA}, {0x0FF2, 0xFEB3}, {0x0FF2, 0xFEAD}, {0x0FF1, 0xFEA7},
    {0x0FF1, 0xFEA1}, {0x0FF0, 0xFE9A}, {0x0FF0, 0xFE94}, {0x0FEF, 0xFE8E},
    {0x0FEF, 0xFE88}, {0x0FEE, 0xFE81}, {0x0FED, 0xFE7B}, {0x0FED, 0xFE75},
    {0x0FEC, 0xFE6F}, {0x0FEC, 0xFE68}, {0x0FEB, 0xFE62}, {0x0FEA, 0xFE5C},
    {0x0FEA, 0xFE56}, {0x0FE9, 0xFE4F}, {0x0FE8, 0xFE49}, {0x0FE8, 0xFE43},
    {0x0FE7, 0xFE3D}, {0x0FE6, 0xFE36}, {0x0FE6, 0xFE30}, {0x0FE5, 0xFE2A},
    {0x0FE4, 0xFE24}, {0x0FE3, 0xFE1D}, {0x0FE3, 0xFE17}, {0x0FE2, 0xFE11},
    {0x0FE1, 0xFE0B}, {0x0FE0, 0xFE04}, {0x0FE0, 0xFDFE}, {0x0FDF, 0xFDF8},
    {0x0FDE, 0xFDF2}, {0x0FDD, 0xFDEB}, {0x0FDC, 0xFDE5}, {0x0FDC, 0xFDDF},
    {0x0FDB, 0xFDD9}, {0x0FDA, 0xFDD3}, {0x0FD9, 0xFDCC}, {0x0FD8, 0xFDC6},
    {0x0FD7, 0xFDC0}, {0x0FD6, 0xFDBA}, {0x0FD5, 0xFDB3}, {0x0FD5, 0xFDAD},
    {0x0FD4, 0xFDA7}, {0x0FD3, 0xFDA1}, {0x0FD2, 0xFD9B}, {0x0FD1, 0xFD94},
    {0x0FD0, 0xFD8E}, {0x0FCF, 0xFD88}, {0x0FCE, 0xFD82}, {0x0FCD, 0xFD7C},
    {0x0FCC, 0xFD75}, {0x0FCB, 0xFD6F}, {0x0FCA, 0xFD69}, {0x0FC9, 0xFD63},
    {0x0FC8, 0xFD5D}, {0x0FC7, 0xFD56}, {0x0FC6, 0xFD50}, {0x0FC5, 0xFD4A},
    {0x0FC4, 0xFD44}, {0x0FC3, 0xFD3E}, {0x0FC2, 0xFD37}, {0x0FC0, 0xFD31},
    {0x0FBF, 0xFD2B}, {0x0FBE, 0xFD25}, {0x0FBD, 0xFD1F}, {0x0FBC, 0xFD18},
    {0x0FBB, 0xFD12}, {0x0FBA, 0xFD0C}, {0x0FB8, 0xFD06}, {0x0FB7, 0xFD00},
    {0x0FB6, 0xFCFA}, {0x0FB5, 0xFCF3}, {0x0FB4, 0xFCED}, {0x0FB3, 0xFCE7},
    {0x0FB1, 0xFCE1}, {0x0FB0, 0xFCDB}, {0x0FAF, 0xFCD5}, {0x0FAE, 0xFCCE},
    {0x0FAC, 0xFCC8}, {0x0FAB, 0xFCC2}, {0x0FAA, 0xFCBC}, {0x0FA8, 0xFCB6},
    {0x0FA7, 0xFCB0}, {0x0FA6, 0xFCAA}, {0x0FA5, 0xFCA3}, {0x0FA3, 0xFC9D},
    {0x0FA2, 0xFC97}, {0x0FA1, 0xFC91}, {0x0F9F, 0xFC8B}, {0x0F9E, 0xFC85},
    {0x0F9C, 0xFC7F}, {0x0F9B, 0xFC78}, {0x0F9A, 0xFC72}, {0x0F98, 0xFC6C},
    {0x0F97, 0xFC66}, {0x0F95, 0xFC60}, {0x0F94, 0xFC5A}, {0x0F93, 0xFC54},
    {0x0F91, 0xFC4E}, {0x0F90, 0xFC47}, {0x0F8E, 0xFC41}, {0x0F8D, 0xFC3B},
    {0x0F8B, 0xFC35}, {0x0F8A, 0xFC2F}, {0x0F88, 0xFC29}, {0x0F87, 0xFC23},
    {0x0F85, 0xFC1D}, {0x0F84, 0xFC17}, {0x0F82, 0xFC11}, {0x0F81, 0xFC0A},
    {0x0F7F, 0xFC04}, {0x0F7D, 0xFBFE}, {0x0F7C, 0xFBF8}, {0x0F7A, 0xFBF2},
    {0x0F79, 0xFBEC}, {0x0F77, 0xFBE6}, {0x0F76, 0xFBE0}, {0x0F74, 0xFBDA},
    {0x0F72, 0xFBD4}, {0x0F71, 0xFBCE}, {0x0F6F, 0xFBC8}, {0x0F6D, 0xFBC2},
    {0x0F6C, 0xFBBC}, {0x0F6A, 0xFBB5}, {0x0F68, 0xFBAF}, {0x0F67, 0xFBA9},
    {0x0F65, 0xFBA3}, {0x0F63, 0xFB9D}, {0x0F61, 0xFB97}, {0x0F60, 0xFB91},
    {0x0F5E, 0xFB8B}, {0x0F5C, 0xFB85}, {0x0F5A, 0xFB7F}, {0x0F59, 0xFB79},
    {0x0F57, 0xFB73}, {0x0F55, 0xFB6D}, {0x0F53, 0xFB67}, {0x0F51, 0xFB61},
    {0x0F50, 0xFB5B}, {0x0F4E, 0xFB55}, {0x0F4C, 0xFB4F}, {0x0F4A, 0xFB49},
    {0x0F48, 0xFB43}, {0x0F46, 0xFB3D}, {0x0F45, 0xFB37}, {0x0F43, 0xFB31},
    {0x0F41, 0xFB2B}, {0x0F3F, 0xFB25}, {0x0F3D, 0xFB1F}, {0x0F3B, 0xFB19},
    {0x0F39, 0xFB13}, {0x0F37, 0xFB0D}, {0x0F35, 0xFB07}, {0x0F33, 0xFB01},
    {0x0F31, 0xFAFB}, {0x0F2F, 0xFAF5}, {0x0F2D, 0xFAEF}, {0x0F2B, 0xFAE9},
    {0x0F29, 0xFAE3}, {0x0F27, 0xFADD}, {0x0F25, 0xFAD7}, {0x0F23, 0xFAD1},
    {0x0F21, 0xFACC}, {0x0F1F, 0xFAC6}, {0x0F1D, 0xFAC0}, {0x0F1B, 0xFABA},
    {0x0F19, 0xFAB4}, {0x0F17, 0xFAAE}, {0x0F15, 0xFAA8}, {0x0F13, 0xFAA2},
    {0x0F11, 0xFA9C}, {0x0F0E, 0xFA96}, {0x0F0C, 0xFA90}, {0x0F0A, 0xFA8A},
    {0x0F08, 0xFA84}, {0x0F06, 0xFA7F}, {0x0F04, 0xFA79}, {0x0F02, 0xFA73},
    {0x0EFF, 0xFA6D}, {0x0EFD, 0xFA67}, {0x0EFB, 0xFA61}, {0x0EF9, 0xFA5B},
    {0x0EF7, 0xFA55}, {0x0EF4, 0xFA4F}, {0x0EF2, 0xFA4A}, {0x0EF0, 0xFA44},
    {0x0EEE, 0xFA3E}, {0x0EEB, 0xFA38}, {0x0EE9, 0xFA32}, {0x0EE7, 0xFA2C},
    {0x0EE4, 0xFA26}, {0x0EE2, 0xFA21}, {0x0EE0, 0xFA1B}, {0x0EDD, 0xFA15},
    {0x0EDB, 0xFA0F}, {0x0ED9, 0xFA09}, {0x0ED6, 0xFA03}, {0x0ED4, 0xF9FE},
    {0x0ED2, 0xF9F8}, {0x0ECF, 0xF9F2}, {0x0ECD, 0xF9EC}, {0x0ECB, 0xF9E6},
    {0x0EC8, 0xF9E1}, {0x0EC6, 0xF9DB}, {0x0EC3, 0xF9D5}, {0x0EC1, 0xF9CF},
    {0x0EBF, 0xF9C9}, {0x0EBC, 0xF9C4}, {0x0EBA, 0xF9BE}, {0x0EB7, 0xF9B8},
    {0x0EB5, 0xF9B2}, {0x0EB2, 0xF9AC}, {0x0EB0, 0xF9A7}, {0x0EAD, 0xF9A1},
    {0x0EAB, 0xF99B}, {0x0EA8, 0xF995}, {0x0EA6, 0xF990}, {0x0EA3, 0xF98A},
    {0x0EA1, 0xF984}, {0x0E9E, 0xF97E}, {0x0E9B, 0xF979}, {0x0E99, 0xF973},
    {0x0E96, 0xF96D}, {0x0E94, 0xF967}, {0x0E91, 0xF962}, {0x0E8F, 0xF95C},
    {0x0E8C, 0xF956}, {0x0E89, 0xF951}, {0x0E87, 0xF94B}, {0x0E84, 0xF945},
    {0x0E81, 0xF93F}, {0x0E7F, 0xF93A}, {0x0E7C, 0xF934}, {0x0E79, 0xF92E},
    {0x0E77, 0xF929}, {0x0E74, 0xF923}, {0x0E71, 0xF91D}, {0x0E6F, 0xF918},
    {0x0E6C, 0xF912}, {0x0E69, 0xF90C}, {0x0E66, 0xF907}, {0x0E64, 0xF901},
    {0x0E61, 0xF8FB}, {0x0E5E, 0xF8F6}, {0x0E5B, 0xF8F0}, {0x0E59, 0xF8EB},
    {0x0E56, 0xF8E5}, {0x0E53, 0xF8DF}, {0x0E50, 0xF8DA}, {0x0E4D, 0xF8D4},
    {0x0E4B, 0xF8CE}, {0x0E48, 0xF8C9}, {0x0E45, 0xF8C3}, {0x0E42, 0xF8BE},
    {0x0E3F, 0xF8B8}, {0x0E3C, 0xF8B2}, {0x0E3A, 0xF8AD}, {0x0E37, 0xF8A7},
    {0x0E34, 0xF8A2}, {0x0E31, 0xF89C}, {0x0E2E, 0xF896}, {0x0E2B, 0xF891},
    {0x0E28, 0xF88B}, {0x0E25, 0xF886}, {0x0E22, 0xF880}, {0x0E1F, 0xF87B},
    {0x0E1C, 0xF875}, {0x0E19, 0xF870}, {0x0E16, 0xF86A}, {0x0E13, 0xF865},
    {0x0E10, 0xF85F}, {0x0E0D, 0xF85A}, {0x0E0A, 0xF854}, {0x0E07, 0xF84E},
    {0x0E04, 0xF849}, {0x0E01, 0xF843}, {0x0DFE, 0xF83E}, {0x0DFB, 0xF838},
    {0x0DF8, 0xF833}, {0x0DF5, 0xF82E}, {0x0DF2, 0xF828}, {0x0DEF, 0xF823},
    {0x0DEC, 0xF81D}, {0x0DE9, 0xF818}, {0x0DE6, 0xF812}, {0x0DE3, 0xF80D},
    {0x0DDF, 0xF807}, {0x0DDC, 0xF802}, {0x0DD9, 0xF7FC}, {0x0DD6, 0xF7F7},
    {0x0DD3, 0xF7F2}, {0x0DD0, 0xF7EC}, {0x0DCC, 0xF7E7}, {0x0DC9, 0xF7E1},
    {0x0DC6, 0xF7DC}, {0x0DC3, 0xF7D6}, {0x0DC0, 0xF7D1}, {0x0DBC, 0xF7CC},
    {0x0DB9, 0xF7C6}, {0x0DB6, 0xF7C1}, {0x0DB3, 0xF7BB}, {0x0DB0, 0xF7B6},
    {0x0DAC, 0xF7B1}, {0x0DA9, 0xF7AB}, {0x0DA6, 0xF7A6}, {0x0DA2, 0xF7A1},
    {0x0D9F, 0xF79B}, {0x0D9C, 0xF796}, {0x0D99, 0xF791}, {0x0D95, 0xF78B},
    {0x0D92, 0xF786}, {0x0D8F, 0xF781}, {0x0D8B, 0xF77B}, {0x0D88, 0xF776},
    {0x0D85, 0xF771}, {0x0D81, 0xF76B}, {0x0D7E, 0xF766}, {0x0D7A, 0xF761},
    {0x0D77, 0xF75B}, {0x0D74, 0xF756}, {0x0D70, 0xF751}, {0x0D6D, 0xF74C},
    {0x0D69, 0xF746}, {0x0D66, 0xF741}, {0x0D62, 0xF73C}, {0x0D5F, 0xF737},
    {0x0D5C, 0xF731}, {0x0D58, 0xF72C}, {0x0D55, 0xF727}, {0x0D51, 0xF722},
    {0x0D4E, 0xF71C}, {0x0D4A, 0xF717}, {0x0D47, 0xF712}, {0x0D43, 0xF70D},
    {0x0D40, 0xF708}, {0x0D3C, 0xF702}, {0x0D39, 0xF6FD}, {0x0D35, 0xF6F8},
    {0x0D32, 0xF6F3}, {0x0D2E, 0xF6EE}, {0x0D2A, 0xF6E8}, {0x0D27, 0xF6E3},
    {0x0D23, 0xF6DE}, {0x0D20, 0xF6D9}, {0x0D1C, 0xF6D4}, {0x0D18, 0xF6CF},
    {0x0D15, 0xF6C9}, {0x0D11, 0xF6C4}, {0x0D0E, 0xF6BF}, {0x0D0A, 0xF6BA},
    {0x0D06, 0xF6B5}, {0x0D03, 0xF6B0}, {0x0CFF, 0xF6AB}, {0x0CFB, 0xF6A6},
    {0x0CF8, 0xF6A1}, {0x0CF4, 0xF69B}, {0x0CF0, 0xF696}, {0x0CED, 0xF691},
    {0x0CE9, 0xF68C}, {0x0CE5, 0xF687}, {0x0CE1, 0xF682}, {0x0CDE, 0xF67D},
    {0x0CDA, 0xF678}, {0x0CD6, 0xF673}, {0x0CD2, 0xF66E}, {0x0CCF, 0xF669},
    {0x0CCB, 0xF664}, {0x0CC7, 0xF65F}, {0x0CC3, 0xF65A}, {0x0CC0, 0xF655},
    {0x0CBC, 0xF650}, {0x0CB8, 0xF64B}, {0x0CB4, 0xF646}, {0x0CB0, 0xF641},
    {0x0CAC, 0xF63C}, {0x0CA9, 0xF637}, {0x0CA5, 0xF632}, {0x0CA1, 0xF62D},
    {0x0C9D, 0xF628}, {0x0C99, 0xF623}, {0x0C95, 0xF61E}, {0x0C91, 0xF619},
    {0x0C8E, 0xF614}, {0x0C8A, 0xF60F}, {0x0C86, 0xF60A}, {0x0C82, 0xF605},
    {0x0C7E, 0xF601}, {0x0C7A, 0xF5FC}, {0x0C76, 0xF5F7}, {0x0C72, 0xF5F2},
    {0x0C6E, 0xF5ED}, {0x0C6A, 0xF5E8}, {0x0C66, 0xF5E3}, {0x0C62, 0xF5DE},
    {0x0C5E, 0xF5DA}, {0x0C5A, 0xF5D5}, {0x0C56, 0xF5D0}, {0x0C52, 0xF5CB},
    {0x0C4E, 0xF5C6}, {0x0C4A, 0xF5C1}, {0x0C46, 0xF5BC}, {0x0C42, 0xF5B8},
    {0x0C3E, 0xF5B3}, {0x0C3A, 0xF5AE}, {0x0C36, 0xF5A9}, {0x0C32, 0xF5A4},
    {0x0C2E, 0xF5A0}, {0x0C2A, 0xF59B}, {0x0C26, 0xF596}, {0x0C22, 0xF591},
    {0x0C1E, 0xF58D}, {0x0C19, 0xF588}, {0x0C15, 0xF583}, {0x0C11, 0xF57E},
    {0x0C0D, 0xF57A}, {0x0C09, 0xF575}, {0x0C05, 0xF570}, {0x0C01, 0xF56B},
    {0x0BFC, 0xF567}, {0x0BF8, 0xF562}, {0x0BF4, 0xF55D}, {0x0BF0, 0xF559},
    {0x0BEC, 0xF554}, {0x0BE8, 0xF54F}, {0x0BE3, 0xF54B}, {0x0BDF, 0xF546},
    {0x0BDB, 0xF541}, {0x0BD7, 0xF53D}, {0x0BD2, 0xF538}, {0x0BCE, 0xF533},
    {0x0BCA, 0xF52F}, {0x0BC6, 0xF52A}, {0x0BC1, 0xF525}, {0x0BBD, 0xF521},
    {0x0BB9, 0xF51C}, {0x0BB5, 0xF518}, {0x0BB0, 0xF513}, {0x0BAC, 0xF50E},
    {0x0BA8, 0xF50A}, {0x0BA3, 0xF505}, {0x0B9F, 0xF501}, {0x0B9B, 0xF4FC},
    {0x0B97, 0xF4F8}, {0x0B92, 0xF4F3}, {0x0B8E, 0xF4EF}, {0x0B89, 0xF4EA},
    {0x0B85, 0xF4E5}, {0x0B81, 0xF4E1}, {0x0B7C, 0xF4DC}, {0x0B78, 0xF4D8},
    {0x0B74, 0xF4D3}, {0x0B6F, 0xF4CF}, {0x0B6B, 0xF4CA}, {0x0B66, 0xF4C6},
    {0x0B62, 0xF4C2}, {0x0B5E, 0xF4BD}, {0x0B59, 0xF4B9}, {0x0B55, 0xF4B4},
    {0x0B50, 0xF4B0}, {0x0B4C, 0xF4AB}, {0x0B47, 0xF4A7}, {0x0B43, 0xF4A2},
    {0x0B3E, 0xF49E}, {0x0B3A, 0xF49A}, {0x0B36, 0xF495}, {0x0B31, 0xF491},
    {0x0B2D, 0xF48C}, {0x0B28, 0xF488}, {0x0B24, 0xF484}, {0x0B1F, 0xF47F},
    {0x0B1B, 0xF47B}, {0x0B16, 0xF477}, {0x0B11, 0xF472}, {0x0B0D, 0xF46E},
    {0x0B08, 0xF469}, {0x0B04, 0xF465}, {0x0AFF, 0xF461}, {0x0AFB, 0xF45D},
    {0x0AF6, 0xF458}, {0x0AF2, 0xF454}, {0x0AED, 0xF450}, {0x0AE8, 0xF44B},
    {0x0AE4, 0xF447}, {0x0ADF, 0xF443}, {0x0ADB, 0xF43F}, {0x0AD6, 0xF43A},
    {0x0AD1, 0xF436}, {0x0ACD, 0xF432}, {0x0AC8, 0xF42E}, {0x0AC3, 0xF429},
    {0x0ABF, 0xF425}, {0x0ABA, 0xF421}, {0x0AB5, 0xF41D}, {0x0AB1, 0xF418},
    {0x0AAC, 0xF414}, {0x0AA7, 0xF410}, {0x0AA3, 0xF40C}, {0x0A9E, 0xF408},
    {0x0A99, 0xF404}, {0x0A95, 0xF3FF}, {0x0A90, 0xF3FB}, {0x0A8B, 0xF3F7},
    {0x0A86, 0xF3F3}, {0x0A82, 0xF3EF}, {0x0A7D, 0xF3EB}, {0x0A78, 0xF3E7},
    {0x0A73, 0xF3E2}, {0x0A6F, 0xF3DE}, {0x0A6A, 0xF3DA}, {0x0A65, 0xF3D6},
    {0x0A60, 0xF3D2}, {0x0A5C, 0xF3CE}, {0x0A57, 0xF3CA}, {0x0A52, 0xF3C6},
    {0x0A4D, 0xF3C2}, {0x0A48, 0xF3BE}, {0x0A44, 0xF3BA}, {0x0A3F, 0xF3B6},
    {0x0A3A, 0xF3B2}, {0x0A35, 0xF3AE}, {0x0A30, 0xF3AA}, {0x0A2B, 0xF3A6},
    {0x0A26, 0xF3A2}, {0x0A22, 0xF39E}, {0x0A1D, 0xF39A}, {0x0A18, 0xF396},
    {0x0A13, 0xF392}, {0x0A0E, 0xF38E}, {0x0A09, 0xF38A}, {0x0A04, 0xF386},
    {0x09FF, 0xF382}, {0x09FB, 0xF37E}, {0x09F6, 0xF37A}, {0x09F1, 0xF376},
    {0x09EC, 0xF372}, {0x09E7, 0xF36F}, {0x09E2, 0xF36B}, {0x09DD, 0xF367},
    {0x09D8, 0xF363}, {0x09D3, 0xF35F}, {0x09CE, 0xF35B}, {0x09C9, 0xF357},
    {0x09C4, 0xF354}, {0x09BF, 0xF350}, {0x09BA, 0xF34C}, {0x09B5, 0xF348},
    {0x09B0, 0xF344}, {0x09AB, 0xF340}, {0x09A6, 0xF33D}, {0x09A1, 0xF339},
    {0x099C, 0xF335}, {0x0997, 0xF331}, {0x0992, 0xF32E}, {0x098D, 0xF32A},
    {0x0988, 0xF326}, {0x0983, 0xF322}, {0x097E, 0xF31F}, {0x0979, 0xF31B},
    {0x0974, 0xF317}, {0x096F, 0xF313}, {0x096A, 0xF310}, {0x0965, 0xF30C},
    {0x095F, 0xF308}, {0x095A, 0xF305}, {0x0955, 0xF301}, {0x0950, 0xF2FD},
    {0x094B, 0xF2FA}, {0x0946, 0xF2F6}, {0x0941, 0xF2F2}, {0x093C, 0xF2EF},
    {0x0937, 0xF2EB}, {0x0931, 0xF2E8}, {0x092C, 0xF2E4}, {0x0927, 0xF2E0},
    {0x0922, 0xF2DD}, {0x091D, 0xF2D9}, {0x0918, 0xF2D6}, {0x0912, 0xF2D2},
    {0x090D, 0xF2CE}, {0x0908, 0xF2CB}, {0x0903, 0xF2C7}, {0x08FE, 0xF2C4},
    {0x08F8, 0xF2C0}, {0x08F3, 0xF2BD}, {0x08EE, 0xF2B9}, {0x08E9, 0xF2B6},
    {0x08E4, 0xF2B2}, {0x08DE, 0xF2AF}, {0x08D9, 0xF2AB}, {0x08D4, 0xF2A8},
    {0x08CF, 0xF2A4}, {0x08C9, 0xF2A1}, {0x08C4, 0xF29E}, {0x08BF, 0xF29A},
    {0x08BA, 0xF297}, {0x08B4, 0xF293}, {0x08AF, 0xF290}, {0x08AA, 0xF28C},
    {0x08A5, 0xF289}, {0x089F, 0xF286}, {0x089A, 0xF282}, {0x0895, 0xF27F},
    {0x088F, 0xF27B}, {0x088A, 0xF278}, {0x0885, 0xF275}, {0x087F, 0xF271},
    {0x087A, 0xF26E}, {0x0875, 0xF26B}, {0x086F, 0xF267}, {0x086A, 0xF264},
    {0x0865, 0xF261}, {0x085F, 0xF25E}, {0x085A, 0xF25A}, {0x0855, 0xF257},
    {0x084F, 0xF254}, {0x084A, 0xF250}, {0x0845, 0xF24D}, {0x083F, 0xF24A},
    {0x083A, 0xF247}, {0x0834, 0xF244}, {0x082F, 0xF240}, {0x082A, 0xF23D},
    {0x0824, 0xF23A}, {0x081F, 0xF237}, {0x0819, 0xF234}, {0x0814, 0xF230},
    {0x080E, 0xF22D}, {0x0809, 0xF22A}, {0x0804, 0xF227}, {0x07FE, 0xF224},
    {0x07F9, 0xF221}, {0x07F3, 0xF21D}, {0x07EE, 0xF21A}, {0x07E8, 0xF217},
    {0x07E3, 0xF214}, {0x07DD, 0xF211}, {0x07D8, 0xF20E}, {0x07D2, 0xF20B},
    {0x07CD, 0xF208}, {0x07C8, 0xF205}, {0x07C2, 0xF202}, {0x07BD, 0xF1FF},
    {0x07B7, 0xF1FC}, {0x07B2, 0xF1F9}, {0x07AC, 0xF1F6}, {0x07A6, 0xF1F3},
    {0x07A1, 0xF1F0}, {0x079B, 0xF1ED}, {0x0796, 0xF1EA}, {0x0790, 0xF1E7},
    {0x078B, 0xF1E4}, {0x0785, 0xF1E1}, {0x0780, 0xF1DE}, {0x077A, 0xF1DB},
    {0x0775, 0xF1D8}, {0x076F, 0xF1D5}, {0x076A, 0xF1D2}, {0x0764, 0xF1CF},
    {0x075E, 0xF1CC}, {0x0759, 0xF1C9}, {0x0753, 0xF1C6}, {0x074E, 0xF1C4},
    {0x0748, 0xF1C1}, {0x0742, 0xF1BE}, {0x073D, 0xF1BB}, {0x0737, 0xF1B8},
    {0x0732, 0xF1B5}, {0x072C, 0xF1B3}, {0x0726, 0xF1B0}, {0x0721, 0xF1AD},
    {0x071B, 0xF1AA}, {0x0715, 0xF1A7}, {0x0710, 0xF1A5}, {0x070A, 0xF1A2},
    {0x0705, 0xF19F}, {0x06FF, 0xF19C}, {0x06F9, 0xF19A}, {0x06F4, 0xF197},
    {0x06EE, 0xF194}, {0x06E8, 0xF191}, {0x06E3, 0xF18F}, {0x06DD, 0xF18C},
    {0x06D7, 0xF189}, {0x06D2, 0xF187}, {0x06CC, 0xF184}, {0x06C6, 0xF181},
    {0x06C1, 0xF17F}, {0x06BB, 0xF17C}, {0x06B5, 0xF179}, {0x06AF, 0xF177},
    {0x06AA, 0xF174}, {0x06A4, 0xF171}, {0x069E, 0xF16F}, {0x0699, 0xF16C},
    {0x0693, 0xF16A}, {0x068D, 0xF167}, {0x0687, 0xF165}, {0x0682, 0xF162},
    {0x067C, 0xF15F}, {0x0676, 0xF15D}, {0x0670, 0xF15A}, {0x066B, 0xF158},
    {0x0665, 0xF155}, {0x065F, 0xF153}, {0x0659, 0xF150}, {0x0654, 0xF14E},
    {0x064E, 0xF14B}, {0x0648, 0xF149}, {0x0642, 0xF146}, {0x063C, 0xF144},
    {0x0637, 0xF141}, {0x0631, 0xF13F}, {0x062B, 0xF13D}, {0x0625, 0xF13A},
    {0x061F, 0xF138}, {0x061A, 0xF135}, {0x0614, 0xF133}, {0x060E, 0xF131},
    {0x0608, 0xF12E}, {0x0602, 0xF12C}, {0x05FD, 0xF12A}, {0x05F7, 0xF127},
    {0x05F1, 0xF125}, {0x05EB, 0xF123}, {0x05E5, 0xF120}, {0x05DF, 0xF11E},
    {0x05DA, 0xF11C}, {0x05D4, 0xF119}, {0x05CE, 0xF117}, {0x05C8, 0xF115},
    {0x05C2, 0xF112}, {0x05BC, 0xF110}, {0x05B6, 0xF10E}, {0x05B1, 0xF10C},
    {0x05AB, 0xF109}, {0x05A5, 0xF107}, {0x059F, 0xF105}, {0x0599, 0xF103},
    {0x0593, 0xF101}, {0x058D, 0xF0FE}, {0x0587, 0xF0FC}, {0x0581, 0xF0FA},
    {0x057C, 0xF0F8}, {0x0576, 0xF0F6}, {0x0570, 0xF0F4}, {0x056A, 0xF0F2},
    {0x0564, 0xF0EF}, {0x055E, 0xF0ED}, {0x0558, 0xF0EB}, {0x0552, 0xF0E9},
    {0x054C, 0xF0E7}, {0x0546, 0xF0E5}, {0x0540, 0xF0E3}, {0x053A, 0xF0E1},
    {0x0534, 0xF0DF}, {0x052F, 0xF0DD}, {0x0529, 0xF0DB}, {0x0523, 0xF0D9},
    {0x051D, 0xF0D7}, {0x0517, 0xF0D5}, {0x0511, 0xF0D3}, {0x050B, 0xF0D1},
    {0x0505, 0xF0CF}, {0x04FF, 0xF0CD}, {0x04F9, 0xF0CB}, {0x04F3, 0xF0C9},
    {0x04ED, 0xF0C7}, {0x04E7, 0xF0C5}, {0x04E1, 0xF0C3}, {0x04DB, 0xF0C1},
    {0x04D5, 0xF0BF}, {0x04CF, 0xF0BD}, {0x04C9, 0xF0BB}, {0x04C3, 0xF0BA},
    {0x04BD, 0xF0B8}, {0x04B7, 0xF0B6}, {0x04B1, 0xF0B4}, {0x04AB, 0xF0B2},
    {0x04A5, 0xF0B0}, {0x049F, 0xF0AF}, {0x0499, 0xF0AD}, {0x0493, 0xF0AB},
    {0x048D, 0xF0A9}, {0x0487, 0xF0A7}, {0x0481, 0xF0A6}, {0x047B, 0xF0A4},
    {0x0475, 0xF0A2}, {0x046F, 0xF0A0}, {0x0469, 0xF09F}, {0x0463, 0xF09D},
    {0x045D, 0xF09B}, {0x0457, 0xF099}, {0x0451, 0xF098}, {0x044B, 0xF096},
    {0x0444, 0xF094}, {0x043E, 0xF093}, {0x0438, 0xF091}, {0x0432, 0xF08F},
    {0x042C, 0xF08E}, {0x0426, 0xF08C}, {0x0420, 0xF08A}, {0x041A, 0xF089},
    {0x0414, 0xF087}, {0x040E, 0xF086}, {0x0408, 0xF084}, {0x0402, 0xF083},
    {0x03FC, 0xF081}, {0x03F6, 0xF07F}, {0x03EF, 0xF07E}, {0x03E9, 0xF07C},
    {0x03E3, 0xF07B}, {0x03DD, 0xF079}, {0x03D7, 0xF078}, {0x03D1, 0xF076},
    {0x03CB, 0xF075}, {0x03C5, 0xF073}, {0x03BF, 0xF072}, {0x03B9, 0xF070},
    {0x03B2, 0xF06F}, {0x03AC, 0xF06D}, {0x03A6, 0xF06C}, {0x03A0, 0xF06B},
    {0x039A, 0xF069}, {0x0394, 0xF068}, {0x038E, 0xF066}, {0x0388, 0xF065},
    {0x0381, 0xF064}, {0x037B, 0xF062}, {0x0375, 0xF061}, {0x036F, 0xF05F},
    {0x0369, 0xF05E}, {0x0363, 0xF05D}, {0x035D, 0xF05B}, {0x0356, 0xF05A},
    {0x0350, 0xF059}, {0x034A, 0xF058}, {0x0344, 0xF056}, {0x033E, 0xF055},
    {0x0338, 0xF054}, {0x0332, 0xF052}, {0x032B, 0xF051}, {0x0325, 0xF050},
    {0x031F, 0xF04F}, {0x0319, 0xF04D}, {0x0313, 0xF04C}, {0x030D, 0xF04B},
    {0x0306, 0xF04A}, {0x0300, 0xF049}, {0x02FA, 0xF048}, {0x02F4, 0xF046},
    {0x02EE, 0xF045}, {0x02E8, 0xF044}, {0x02E1, 0xF043}, {0x02DB, 0xF042},
    {0x02D5, 0xF041}, {0x02CF, 0xF040}, {0x02C9, 0xF03E}, {0x02C2, 0xF03D},
    {0x02BC, 0xF03C}, {0x02B6, 0xF03B}, {0x02B0, 0xF03A}, {0x02AA, 0xF039},
    {0x02A3, 0xF038}, {0x029D, 0xF037}, {0x0297, 0xF036}, {0x0291, 0xF035},
    {0x028B, 0xF034}, {0x0284, 0xF033}, {0x027E, 0xF032}, {0x0278, 0xF031},
    {0x0272, 0xF030}, {0x026C, 0xF02F}, {0x0265, 0xF02E}, {0x025F, 0xF02D},
    {0x0259, 0xF02C}, {0x0253, 0xF02B}, {0x024D, 0xF02B}, {0x0246, 0xF02A},
    {0x0240, 0xF029}, {0x023A, 0xF028}, {0x0234, 0xF027}, {0x022D, 0xF026},
    {0x0227, 0xF025}, {0x0221, 0xF024}, {0x021B, 0xF024}, {0x0215, 0xF023},
    {0x020E, 0xF022}, {0x0208, 0xF021}, {0x0202, 0xF020}, {0x01FC, 0xF020},
    {0x01F5, 0xF01F}, {0x01EF, 0xF01E}, {0x01E9, 0xF01D}, {0x01E3, 0xF01D},
    {0x01DC, 0xF01C}, {0x01D6, 0xF01B}, {0x01D0, 0xF01A}, {0x01CA, 0xF01A},
    {0x01C3, 0xF019}, {0x01BD, 0xF018}, {0x01B7, 0xF018}, {0x01B1, 0xF017},
    {0x01AA, 0xF016}, {0x01A4, 0xF016}, {0x019E, 0xF015}, {0x0198, 0xF014},
    {0x0191, 0xF014}, {0x018B, 0xF013}, {0x0185, 0xF013}, {0x017F, 0xF012},
    {0x0178, 0xF011}, {0x0172, 0xF011}, {0x016C, 0xF010}, {0x0166, 0xF010},
    {0x015F, 0xF00F}, {0x0159, 0xF00F}, {0x0153, 0xF00E}, {0x014D, 0xF00E},
    {0x0146, 0xF00D}, {0x0140, 0xF00D}, {0x013A, 0xF00C}, {0x0134, 0xF00C},
    {0x012D, 0xF00B}, {0x0127, 0xF00B}, {0x0121, 0xF00A}, {0x011B, 0xF00A},
    {0x0114, 0xF009}, {0x010E, 0xF009}, {0x0108, 0xF008}, {0x0101, 0xF008},
    {0x00FB, 0xF008}, {0x00F5, 0xF007}, {0x00EF, 0xF007}, {0x00E8, 0xF007},
    {0x00E2, 0xF006}, {0x00DC, 0xF006}, {0x00D6, 0xF006}, {0x00CF, 0xF005},
    {0x00C9, 0xF005}, {0x00C3, 0xF005}, {0x00BC, 0xF004}, {0x00B6, 0xF004},
    {0x00B0, 0xF004}, {0x00AA, 0xF004}, {0x00A3, 0xF003}, {0x009D, 0xF003},
    {0x0097, 0xF003}, {0x0090, 0xF003}, {0x008A, 0xF002}, {0x0084, 0xF002},
    {0x007E, 0xF002}, {0x0077, 0xF002}, {0x0071, 0xF002}, {0x006B, 0xF001},
    {0x0065, 0xF001}, {0x005E, 0xF001}, {0x0058, 0xF001}, {0x0052, 0xF001},
    {0x004B, 0xF001}, {0x0045, 0xF001}, {0x003F, 0xF000}, {0x0039, 0xF000},
    {0x0032, 0xF000}, {0x002C, 0xF000}, {0x0026, 0xF000}, {0x001F, 0xF000},
    {0x0019, 0xF000}, {0x0013, 0xF000}, {0x000D, 0xF000}, {0x0006, 0xF000},
    {0x0000, 0xF000}, {0xFFFA, 0xF000}, {0xFFF3, 0xF000}, {0xFFED, 0xF000},
    {0xFFE7, 0xF000}, {0xFFE1, 0xF000}, {0xFFDA, 0xF000}, {0xFFD4, 0xF000},
    {0xFFCE, 0xF000}, {0xFFC7, 0xF000}, {0xFFC1, 0xF000}, {0xFFBB, 0xF001},
    {0xFFB5, 0xF001}, {0xFFAE, 0xF001}, {0xFFA8, 0xF001}, {0xFFA2, 0xF001},
    {0xFF9B, 0xF001}, {0xFF95, 0xF001}, {0xFF8F, 0xF002}, {0xFF89, 0xF002},
    {0xFF82, 0xF002}, {0xFF7C, 0xF002}, {0xFF76, 0xF002}, {0xFF70, 0xF003},
    {0xFF69, 0xF003}, {0xFF63, 0xF003}, {0xFF5D, 0xF003}, {0xFF56, 0xF004},
    {0xFF50, 0xF004}, {0xFF4A, 0xF004}, {0xFF44, 0xF004}, {0xFF3D, 0xF005},
    {0xFF37, 0xF005}, {0xFF31, 0xF005}, {0xFF2A, 0xF006}, {0xFF24, 0xF006},
    {0xFF1E, 0xF006}, {0xFF18, 0xF007}, {0xFF11, 0xF007}, {0xFF0B, 0xF007},
    {0xFF05, 0xF008}, {0xFEFF, 0xF008}, {0xFEF8, 0xF008}, {0xFEF2, 0xF009},
    {0xFEEC, 0xF009}, {0xFEE5, 0xF00A}, {0xFEDF, 0xF00A}, {0xFED9, 0xF00B},
    {0xFED3, 0xF00B}, {0xFECC, 0xF00C}, {0xFEC6, 0xF00C}, {0xFEC0, 0xF00D},
    {0xFEBA, 0xF00D}, {0xFEB3, 0xF00E}, {0xFEAD, 0xF00E}, {0xFEA7, 0xF00F},
    {0xFEA1, 0xF00F}, {0xFE9A, 0xF010}, {0xFE94, 0xF010}, {0xFE8E, 0xF011},
    {0xFE88, 0xF011}, {0xFE81, 0xF012}, {0xFE7B, 0xF013}, {0xFE75, 0xF013},
    {0xFE6F, 0xF014}, {0xFE68, 0xF014}, {0xFE62, 0xF015}, {0xFE5C, 0xF016},
    {0xFE56, 0xF016}, {0xFE4F, 0xF017}, {0xFE49, 0xF018}, {0xFE43, 0xF018},
    {0xFE3D, 0xF019}, {0xFE36, 0xF01A}, {0xFE30, 0xF01A}, {0xFE2A, 0xF01B},
    {0xFE24, 0xF01C}, {0xFE1D, 0xF01D}, {0xFE17, 0xF01D}, {0xFE11, 0xF01E},
    {0xFE0B, 0xF01F}, {0xFE04, 0xF020}, {0xFDFE, 0xF020}, {0xFDF8, 0xF021},
    {0xFDF2, 0xF022}, {0xFDEB, 0xF023}, {0xFDE5, 0xF024}, {0xFDDF, 0xF024},
    {0xFDD9, 0xF025}, {0xFDD3, 0xF026}, {0xFDCC, 0xF027}, {0xFDC6, 0xF028},
    {0xFDC0, 0xF029}, {0xFDBA, 0xF02A}, {0xFDB3, 0xF02B}, {0xFDAD, 0xF02B},
    {0xFDA7, 0xF02C}, {0xFDA1, 0xF02D}, {0xFD9B, 0xF02E}, {0xFD94, 0xF02F},
    {0xFD8E, 0xF030}, {0xFD88, 0xF031}, {0xFD82, 0xF032}, {0xFD7C, 0xF033},
    {0xFD75, 0xF034}, {0xFD6F, 0xF035}, {0xFD69, 0xF036}, {0xFD63, 0xF037},
    {0xFD5D, 0xF038}, {0xFD56, 0xF039}, {0xFD50, 0xF03A}, {0xFD4A, 0xF03B},
    {0xFD44, 0xF03C}, {0xFD3E, 0xF03D}, {0xFD37, 0xF03E}, {0xFD31, 0xF040},
    {0xFD2B, 0xF041}, {0xFD25, 0xF042}, {0xFD1F, 0xF043}, {0xFD18, 0xF044},
    {0xFD12, 0xF045}, {0xFD0C, 0xF046}, {0xFD06, 0xF048}, {0xFD00, 0xF049},
    {0xFCFA, 0xF04A}, {0xFCF3, 0xF04B}, {0xFCED, 0xF04C}, {0xFCE7, 0xF04D},
    {0xFCE1, 0xF04F}, {0xFCDB, 0xF050}, {0xFCD5, 0xF051}, {0xFCCE, 0xF052},
    {0xFCC8, 0xF054}, {0xFCC2, 0xF055}, {0xFCBC, 0xF056}, {0xFCB6, 0xF058},
    {0xFCB0, 0xF059}, {0xFCAA, 0xF05A}, {0xFCA3, 0xF05B}, {0xFC9D, 0xF05D},
    {0xFC97, 0xF05E}, {0xFC91, 0xF05F}, {0xFC8B, 0xF061}, {0xFC85, 0xF062},
    {0xFC7F, 0xF064}, {0xFC78, 0xF065}, {0xFC72, 0xF066}, {0xFC6C, 0xF068},
    {0xFC66, 0xF069}, {0xFC60, 0xF06B}, {0xFC5A, 0xF06C}, {0xFC54, 0xF06D},
    {0xFC4E, 0xF06F}, {0xFC47, 0xF070}, {0xFC41, 0xF072}, {0xFC3B, 0xF073},
    {0xFC35, 0xF075}, {0xFC2F, 0xF076}, {0xFC29, 0xF078}, {0xFC23, 0xF079},
    {0xFC1D, 0xF07B}, {0xFC17, 0xF07C}, {0xFC11, 0xF07E}, {0xFC0A, 0xF07F},
    {0xFC04, 0xF081}, {0xFBFE, 0xF083}, {0xFBF8, 0xF084}, {0xFBF2, 0xF086},
    {0xFBEC, 0xF087}, {0xFBE6, 0xF089}, {0xFBE0, 0xF08A}, {0xFBDA, 0xF08C},
    {0xFBD4, 0xF08E}, {0xFBCE, 0xF08F}, {0xFBC8, 0xF091}, {0xFBC2, 0xF093},
    {0xFBBC, 0xF094}, {0xFBB5, 0xF096}, {0xFBAF, 0xF098}, {0xFBA9, 0xF099},
    {0xFBA3, 0xF09B}, {0xFB9D, 0xF09D}, {0xFB97, 0xF09F}, {0xFB91, 0xF0A0},
    {0xFB8B, 0xF0A2}, {0xFB85, 0xF0A4}, {0xFB7F, 0xF0A6}, {0xFB79, 0xF0A7},
    {0xFB73, 0xF0A9}, {0xFB6D, 0xF0AB}, {0xFB67, 0xF0AD}, {0xFB61, 0xF0AF},
    {0xFB5B, 0xF0B0}, {0xFB55, 0xF0B2}, {0xFB4F, 0xF0B4}, {0xFB49, 0xF0B6},
    {0xFB43, 0xF0B8}, {0xFB3D, 0xF0BA}, {0xFB37, 0xF0BB}, {0xFB31, 0xF0BD},
    {0xFB2B, 0xF0BF}, {0xFB25, 0xF0C1}, {0xFB1F, 0xF0C3}, {0xFB19, 0xF0C5},
    {0xFB13, 0xF0C7}, {0xFB0D, 0xF0C9}, {0xFB07, 0xF0CB}, {0xFB01, 0xF0CD},
    {0xFAFB, 0xF0CF}, {0xFAF5, 0xF0D1}, {0xFAEF, 0xF0D3}, {0xFAE9, 0xF0D5},
    {0xFAE3, 0xF0D7}, {0xFADD, 0xF0D9}, {0xFAD7, 0xF0DB}, {0xFAD1, 0xF0DD},
    {0xFACC, 0xF0DF}, {0xFAC6, 0xF0E1}, {0xFAC0, 0xF0E3}, {0xFABA, 0xF0E5},
    {0xFAB4, 0xF0E7}, {0xFAAE, 0xF0E9}, {0xFAA8, 0xF0EB}, {0xFAA2, 0xF0ED},
    {0xFA9C, 0xF0EF}, {0xFA96, 0xF0F2}, {0xFA90, 0xF0F4}, {0xFA8A, 0xF0F6},
    {0xFA84, 0xF0F8}, {0xFA7F, 0xF0FA}, {0xFA79, 0xF0FC}, {0xFA73, 0xF0FE},
    {0xFA6D, 0xF101}, {0xFA67, 0xF103}, {0xFA61, 0xF105}, {0xFA5B, 0xF107},
    {0xFA55, 0xF109}, {0xFA4F, 0xF10C}, {0xFA4A, 0xF10E}, {0xFA44, 0xF110},
    {0xFA3E, 0xF112}, {0xFA38, 0xF115}, {0xFA32, 0xF117}, {0xFA2C, 0xF119},
    {0xFA26, 0xF11C}, {0xFA21, 0xF11E}, {0xFA1B, 0xF120}, {0xFA15, 0xF123},
    {0xFA0F, 0xF125}, {0xFA09, 0xF127}, {0xFA03, 0xF12A}, {0xF9FE, 0xF12C},
    {0xF9F8, 0xF12E}, {0xF9F2, 0xF131}, {0xF9EC, 0xF133}, {0xF9E6, 0xF135},
    {0xF9E1, 0xF138}, {0xF9DB, 0xF13A}, {0xF9D5, 0xF13D}, {0xF9CF, 0xF13F},
    {0xF9C9, 0xF141}, {0xF9C4, 0xF144}, {0xF9BE, 0xF146}, {0xF9B8, 0xF149},
    {0xF9B2, 0xF14B}, {0xF9AC, 0xF14E}, {0xF9A7, 0xF150}, {0xF9A1, 0xF153},
    {0xF99B, 0xF155}, {0xF995, 0xF158}, {0xF990, 0xF15A}, {0xF98A, 0xF15D},
    {0xF984, 0xF15F}, {0xF97E, 0xF162}, {0xF979, 0xF165}, {0xF973, 0xF167},
    {0xF96D, 0xF16A}, {0xF967, 0xF16C}, {0xF962, 0xF16F}, {0xF95C, 0xF171},
    {0xF956, 0xF174}, {0xF951, 0xF177}, {0xF94B, 0xF179}, {0xF945, 0xF17C},
    {0xF93F, 0xF17F}, {0xF93A, 0xF181}, {0xF934, 0xF184}, {0xF92E, 0xF187},
    {0xF929, 0xF189}, {0xF923, 0xF18C}, {0xF91D, 0xF18F}, {0xF918, 0xF191},
    {0xF912, 0xF194}, {0xF90C, 0xF197}, {0xF907, 0xF19A}, {0xF901, 0xF19C},
    {0xF8FB, 0xF19F}, {0xF8F6, 0xF1A2}, {0xF8F0, 0xF1A5}, {0xF8EB, 0xF1A7},
    {0xF8E5, 0xF1AA}, {0xF8DF, 0xF1AD}, {0xF8DA, 0xF1B0}, {0xF8D4, 0xF1B3},
    {0xF8CE, 0xF1B5}, {0xF8C9, 0xF1B8}, {0xF8C3, 0xF1BB}, {0xF8BE, 0xF1BE},
    {0xF8B8, 0xF1C1}, {0xF8B2, 0xF1C4}, {0xF8AD, 0xF1C6}, {0xF8A7, 0xF1C9},
    {0xF8A2, 0xF1CC}, {0xF89C, 0xF1CF}, {0xF896, 0xF1D2}, {0xF891, 0xF1D5},
    {0xF88B, 0xF1D8}, {0xF886, 0xF1DB}, {0xF880, 0xF1DE}, {0xF87B, 0xF1E1},
    {0xF875, 0xF1E4}, {0xF870, 0xF1E7}, {0xF86A, 0xF1EA}, {0xF865, 0xF1ED},
    {0xF85F, 0xF1F0}, {0xF85A, 0xF1F3}, {0xF854, 0xF1F6}, {0xF84E, 0xF1F9},
    {0xF849, 0xF1FC}, {0xF843, 0xF1FF}, {0xF83E, 0xF202}, {0xF838, 0xF205},
    {0xF833, 0xF208}, {0xF82E, 0xF20B}, {0xF828, 0xF20E}, {0xF823, 0xF211},
    {0xF81D, 0xF214}, {0xF818, 0xF217}, {0xF812, 0xF21A}, {0xF80D, 0xF21D},
    {0xF807, 0xF221}, {0xF802, 0xF224}, {0xF7FC, 0xF227}, {0xF7F7, 0xF22A},
    {0xF7F2, 0xF22D}, {0xF7EC, 0xF230}, {0xF7E7, 0xF234}, {0xF7E1, 0xF237},
    {0xF7DC, 0xF23A}, {0xF7D6, 0xF23D}, {0xF7D1, 0xF240}, {0xF7CC, 0xF244},
    {0xF7C6, 0xF247}, {0xF7C1, 0xF24A}, {0xF7BB, 0xF24D}, {0xF7B6, 0xF250},
    {0xF7B1, 0xF254}, {0xF7AB, 0xF257}, {0xF7A6, 0xF25A}, {0xF7A1, 0xF25E},
    {0xF79B, 0xF261}, {0xF796, 0xF264}, {0xF791, 0xF267}, {0xF78B, 0xF26B},
    {0xF786, 0xF26E}, {0xF781, 0xF271}, {0xF77B, 0xF275}, {0xF776, 0xF278},
    {0xF771, 0xF27B}, {0xF76B, 0xF27F}, {0xF766, 0xF282}, {0xF761, 0xF286},
    {0xF75B, 0xF289}, {0xF756, 0xF28C}, {0xF751, 0xF290}, {0xF74C, 0xF293},
    {0xF746, 0xF297}, {0xF741, 0xF29A}, {0xF73C, 0xF29E}, {0xF737, 0xF2A1},
    {0xF731, 0xF2A4}, {0xF72C, 0xF2A8}, {0xF727, 0xF2AB}, {0xF722, 0xF2AF},
    {0xF71C, 0xF2B2}, {0xF717, 0xF2B6}, {0xF712, 0xF2B9}, {0xF70D, 0xF2BD},
    {0xF708, 0xF2C0}, {0xF702, 0xF2C4}, {0xF6FD, 0xF2C7}, {0xF6F8, 0xF2CB},
    {0xF6F3, 0xF2CE}, {0xF6EE, 0xF2D2}, {0xF6E8, 0xF2D6}, {0xF6E3, 0xF2D9},
    {0xF6DE, 0xF2DD}, {0xF6D9, 0xF2E0}, {0xF6D4, 0xF2E4}, {0xF6CF, 0xF2E8},
    {0xF6C9, 0xF2EB}, {0xF6C4, 0xF2EF}, {0xF6BF, 0xF2F2}, {0xF6BA, 0xF2F6},
    {0xF6B5, 0xF2FA}, {0xF6B0, 0xF2FD}, {0xF6AB, 0xF301}, {0xF6A6, 0xF305},
    {0xF6A1, 0xF308}, {0xF69B, 0xF30C}, {0xF696, 0xF310}, {0xF691, 0xF313},
    {0xF68C, 0xF317}, {0xF687, 0xF31B}, {0xF682, 0xF31F}, {0xF67D, 0xF322},
    {0xF678, 0xF326}, {0xF673, 0xF32A}, {0xF66E, 0xF32E}, {0xF669, 0xF331},
    {0xF664, 0xF335}, {0xF65F, 0xF339}, {0xF65A, 0xF33D}, {0xF655, 0xF340},
    {0xF650, 0xF344}, {0xF64B, 0xF348}, {0xF646, 0xF34C}, {0xF641, 0xF350},
    {0xF63C, 0xF354}, {0xF637, 0xF357}, {0xF632, 0xF35B}, {0xF62D, 0xF35F},
    {0xF628, 0xF363}, {0xF623, 0xF367}, {0xF61E, 0xF36B}, {0xF619, 0xF36F},
    {0xF614, 0xF372}, {0xF60F, 0xF376}, {0xF60A, 0xF37A}, {0xF605, 0xF37E},
    {0xF601, 0xF382}, {0xF5FC, 0xF386}, {0xF5F7, 0xF38A}, {0xF5F2, 0xF38E},
    {0xF5ED, 0xF392}, {0xF5E8, 0xF396}, {0xF5E3, 0xF39A}, {0xF5DE, 0xF39E},
    {0xF5DA, 0xF3A2}, {0xF5D5, 0xF3A6}, {0xF5D0, 0xF3AA}, {0xF5CB, 0xF3AE},
    {0xF5C6, 0xF3B2}, {0xF5C1, 0xF3B6}, {0xF5BC, 0xF3BA}, {0xF5B8, 0xF3BE},
    {0xF5B3, 0xF3C2}, {0xF5AE, 0xF3C6}, {0xF5A9, 0xF3CA}, {0xF5A4, 0xF3CE},
    {0xF5A0, 0xF3D2}, {0xF59B, 0xF3D6}, {0xF596, 0xF3DA}, {0xF591, 0xF3DE},
    {0xF58D, 0xF3E2}, {0xF588, 0xF3E7}, {0xF583, 0xF3EB}, {0xF57E, 0xF3EF},
    {0xF57A, 0xF3F3}, {0xF575, 0xF3F7}, {0xF570, 0xF3FB}, {0xF56B, 0xF3FF},
    {0xF567, 0xF404}, {0xF562, 0xF408}, {0xF55D, 0xF40C}, {0xF559, 0xF410},
    {0xF554, 0xF414}, {0xF54F, 0xF418}, {0xF54B, 0xF41D}, {0xF546, 0xF421},
    {0xF541, 0xF425}, {0xF53D, 0xF429}, {0xF538, 0xF42E}, {0xF533, 0xF432},
    {0xF52F, 0xF436}, {0xF52A, 0xF43A}, {0xF525, 0xF43F}, {0xF521, 0xF443},
    {0xF51C, 0xF447}, {0xF518, 0xF44B}, {0xF513, 0xF450}, {0xF50E, 0xF454},
    {0xF50A, 0xF458}, {0xF505, 0xF45D}, {0xF501, 0xF461}, {0xF4FC, 0xF465},
    {0xF4F8, 0xF469}, {0xF4F3, 0xF46E}, {0xF4EF, 0xF472}, {0xF4EA, 0xF477},
    {0xF4E5, 0xF47B}, {0xF4E1, 0xF47F}, {0xF4DC, 0xF484}, {0xF4D8, 0xF488},
    {0xF4D3, 0xF48C}, {0xF4CF, 0xF491}, {0xF4CA, 0xF495}, {0xF4C6, 0xF49A},
    {0xF4C2, 0xF49E}, {0xF4BD, 0xF4A2}, {0xF4B9, 0xF4A7}, {0xF4B4, 0xF4AB},
    {0xF4B0, 0xF4B0}, {0xF4AB, 0xF4B4}, {0xF4A7, 0xF4B9}, {0xF4A2, 0xF4BD},
    {0xF49E, 0xF4C2}, {0xF49A, 0xF4C6}, {0xF495, 0xF4CA}, {0xF491, 0xF4CF},
    {0xF48C, 0xF4D3}, {0xF488, 0xF4D8}, {0xF484, 0xF4DC}, {0xF47F, 0xF4E1},
    {0xF47B, 0xF4E5}, {0xF477, 0xF4EA}, {0xF472, 0xF4EF}, {0xF46E, 0xF4F3},
    {0xF469, 0xF4F8}, {0xF465, 0xF4FC}, {0xF461, 0xF501}, {0xF45D, 0xF505},
    {0xF458, 0xF50A}, {0xF454, 0xF50E}, {0xF450, 0xF513}, {0xF44B, 0xF518},
    {0xF447, 0xF51C}, {0xF443, 0xF521}, {0xF43F, 0xF525}, {0xF43A, 0xF52A},
    {0xF436, 0xF52F}, {0xF432, 0xF533}, {0xF42E, 0xF538}, {0xF429, 0xF53D},
    {0xF425, 0xF541}, {0xF421, 0xF546}, {0xF41D, 0xF54B}, {0xF418, 0xF54F},
    {0xF414, 0xF554}, {0xF410, 0xF559}, {0xF40C, 0xF55D}, {0xF408, 0xF562},
    {0xF404, 0xF567}, {0xF3FF, 0xF56B}, {0xF3FB, 0xF570}, {0xF3F7, 0xF575},
    {0xF3F3, 0xF57A}, {0xF3EF, 0xF57E}, {0xF3EB, 0xF583}, {0xF3E7, 0xF588},
    {0xF3E2, 0xF58D}, {0xF3DE, 0xF591}, {0xF3DA, 0xF596}, {0xF3D6, 0xF59B},
    {0xF3D2, 0xF5A0}, {0xF3CE, 0xF5A4}, {0xF3CA, 0xF5A9}, {0xF3C6, 0xF5AE},
    {0xF3C2, 0xF5B3}, {0xF3BE, 0xF5B8}, {0xF3BA, 0xF5BC}, {0xF3B6, 0xF5C1},
    {0xF3B2, 0xF5C6}, {0xF3AE, 0xF5CB}, {0xF3AA, 0xF5D0}, {0xF3A6, 0xF5D5},
    {0xF3A2, 0xF5DA}, {0xF39E, 0xF5DE}, {0xF39A, 0xF5E3}, {0xF396, 0xF5E8},
    {0xF392, 0xF5ED}, {0xF38E, 0xF5F2}, {0xF38A, 0xF5F7}, {0xF386, 0xF5FC},
    {0xF382, 0xF601}, {0xF37E, 0xF605}, {0xF37A, 0xF60A}, {0xF376, 0xF60F},
    {0xF372, 0xF614}, {0xF36F, 0xF619}, {0xF36B, 0xF61E}, {0xF367, 0xF623},
    {0xF363, 0xF628}, {0xF35F, 0xF62D}, {0xF35B, 0xF632}, {0xF357, 0xF637},
    {0xF354, 0xF63C}, {0xF350, 0xF641}, {0xF34C, 0xF646}, {0xF348, 0xF64B},
    {0xF344, 0xF650}, {0xF340, 0xF655}, {0xF33D, 0xF65A}, {0xF339, 0xF65F},
    {0xF335, 0xF664}, {0xF331, 0xF669}, {0xF32E, 0xF66E}, {0xF32A, 0xF673},
    {0xF326, 0xF678}, {0xF322, 0xF67D}, {0xF31F, 0xF682}, {0xF31B, 0xF687},
    {0xF317, 0xF68C}, {0xF313, 0xF691}, {0xF310, 0xF696}, {0xF30C, 0xF69B},
    {0xF308, 0xF6A1}, {0xF305, 0xF6A6}, {0xF301, 0xF6AB}, {0xF2FD, 0xF6B0},
    {0xF2FA, 0xF6B5}, {0xF2F6, 0xF6BA}, {0xF2F2, 0xF6BF}, {0xF2EF, 0xF6C4},
    {0xF2EB, 0xF6C9}, {0xF2E8, 0xF6CF}, {0xF2E4, 0xF6D4}, {0xF2E0, 0xF6D9},
    {0xF2DD, 0xF6DE}, {0xF2D9, 0xF6E3}, {0xF2D6, 0xF6E8}, {0xF2D2, 0xF6EE},
    {0xF2CE, 0xF6F3}, {0xF2CB, 0xF6F8}, {0xF2C7, 0xF6FD}, {0xF2C4, 0xF702},
    {0xF2C0, 0xF708}, {0xF2BD, 0xF70D}, {0xF2B9, 0xF712}, {0xF2B6, 0xF717},
    {0xF2B2, 0xF71C}, {0xF2AF, 0xF722}, {0xF2AB, 0xF727}, {0xF2A8, 0xF72C},
    {0xF2A4, 0xF731}, {0xF2A1, 0xF737}, {0xF29E, 0xF73C}, {0xF29A, 0xF741},
    {0xF297, 0xF746}, {0xF293, 0xF74C}, {0xF290, 0xF751}, {0xF28C, 0xF756},
    {0xF289, 0xF75B}, {0xF286, 0xF761}, {0xF282, 0xF766}, {0xF27F, 0xF76B},
    {0xF27B, 0xF771}, {0xF278, 0xF776}, {0xF275, 0xF77B}, {0xF271, 0xF781},
    {0xF26E, 0xF786}, {0xF26B, 0xF78B}, {0xF267, 0xF791}, {0xF264, 0xF796},
    {0xF261, 0xF79B}, {0xF25E, 0xF7A1}, {0xF25A, 0xF7A6}, {0xF257, 0xF7AB},
    {0xF254, 0xF7B1}, {0xF250, 0xF7B6}, {0xF24D, 0xF7BB}, {0xF24A, 0xF7C1},
    {0xF247, 0xF7C6}, {0xF244, 0xF7CC}, {0xF240, 0xF7D1}, {0xF23D, 0xF7D6},
    {0xF23A, 0xF7DC}, {0xF237, 0xF7E1}, {0xF234, 0xF7E7}, {0xF230, 0xF7EC},
    {0xF22D, 0xF7F2}, {0xF22A, 0xF7F7}, {0xF227, 0xF7FC}, {0xF224, 0xF802},
    {0xF221, 0xF807}, {0xF21D, 0xF80D}, {0xF21A, 0xF812}, {0xF217, 0xF818},
    {0xF214, 0xF81D}, {0xF211, 0xF823}, {0xF20E, 0xF828}, {0xF20B, 0xF82E},
    {0xF208, 0xF833}, {0xF205, 0xF838}, {0xF202, 0xF83E}, {0xF1FF, 0xF843},
    {0xF1FC, 0xF849}, {0xF1F9, 0xF84E}, {0xF1F6, 0xF854}, {0xF1F3, 0xF85A},
    {0xF1F0, 0xF85F}, {0xF1ED, 0xF865}, {0xF1EA, 0xF86A}, {0xF1E7, 0xF870},
    {0xF1E4, 0xF875}, {0xF1E1, 0xF87B}, {0xF1DE, 0xF880}, {0xF1DB, 0xF886},
    {0xF1D8, 0xF88B}, {0xF1D5, 0xF891}, {0xF1D2, 0xF896}, {0xF1CF, 0xF89C},
    {0xF1CC, 0xF8A2}, {0xF1C9, 0xF8A7}, {0xF1C6, 0xF8AD}, {0xF1C4, 0xF8B2},
    {0xF1C1, 0xF8B8}, {0xF1BE, 0xF8BE}, {0xF1BB, 0xF8C3}, {0xF1B8, 0xF8C9},
    {0xF1B5, 0xF8CE}, {0xF1B3, 0xF8D4}, {0xF1B0, 0xF8DA}, {0xF1AD, 0xF8DF},
    {0xF1AA, 0xF8E5}, {0xF1A7, 0xF8EB}, {0xF1A5, 0xF8F0}, {0xF1A2, 0xF8F6},
    {0xF19F, 0xF8FB}, {0xF19C, 0xF901}, {0xF19A, 0xF907}, {0xF197, 0xF90C},
    {0xF194, 0xF912}, {0xF191, 0xF918}, {0xF18F, 0xF91D}, {0xF18C, 0xF923},
    {0xF189, 0xF929}, {0xF187, 0xF92E}, {0xF184, 0xF934}, {0xF181, 0xF93A},
    {0xF17F, 0xF93F}, {0xF17C, 0xF945}, {0xF179, 0xF94B}, {0xF177, 0xF951},
    {0xF174, 0xF956}, {0xF171, 0xF95C}, {0xF16F, 0xF962}, {0xF16C, 0xF967},
    {0xF16A, 0xF96D}, {0xF167, 0xF973}, {0xF165, 0xF979}, {0xF162, 0xF97E},
    {0xF15F, 0xF984}, {0xF15D, 0xF98A}, {0xF15A, 0xF990}, {0xF158, 0xF995},
    {0xF155, 0xF99B}, {0xF153, 0xF9A1}, {0xF150, 0xF9A7}, {0xF14E, 0xF9AC},
    {0xF14B, 0xF9B2}, {0xF149, 0xF9B8}, {0xF146, 0xF9BE}, {0xF144, 0xF9C4},
    {0xF141, 0xF9C9}, {0xF13F, 0xF9CF}, {0xF13D, 0xF9D5}, {0xF13A, 0xF9DB},
    {0xF138, 0xF9E1}, {0xF135, 0xF9E6}, {0xF133, 0xF9EC}, {0xF131, 0xF9F2},
    {0xF12E, 0xF9F8}, {0xF12C, 0xF9FE}, {0xF12A, 0xFA03}, {0xF127, 0xFA09},
    {0xF125, 0xFA0F}, {0xF123, 0xFA15}, {0xF120, 0xFA1B}, {0xF11E, 0xFA21},
    {0xF11C, 0xFA26}, {0xF119, 0xFA2C}, {0xF117, 0xFA32}, {0xF115, 0xFA38},
    {0xF112, 0xFA3E}, {0xF110, 0xFA44}, {0xF10E, 0xFA4A}, {0xF10C, 0xFA4F},
    {0xF109, 0xFA55}, {0xF107, 0xFA5B}, {0xF105, 0xFA61}, {0xF103, 0xFA67},
    {0xF101, 0xFA6D}, {0xF0FE, 0xFA73}, {0xF0FC, 0xFA79}, {0xF0FA, 0xFA7F},
    {0xF0F8, 0xFA84}, {0xF0F6, 0xFA8A}, {0xF0F4, 0xFA90}, {0xF0F2, 0xFA96},
    {0xF0EF, 0xFA9C}, {0xF0ED, 0xFAA2}, {0xF0EB, 0xFAA8}, {0xF0E9, 0xFAAE},
    {0xF0E7, 0xFAB4}, {0xF0E5, 0xFABA}, {0xF0E3, 0xFAC0}, {0xF0E1, 0xFAC6},
    {0xF0DF, 0xFACC}, {0xF0DD, 0xFAD1}, {0xF0DB, 0xFAD7}, {0xF0D9, 0xFADD},
    {0xF0D7, 0xFAE3}, {0xF0D5, 0xFAE9}, {0xF0D3, 0xFAEF}, {0xF0D1, 0xFAF5},
    {0xF0CF, 0xFAFB}, {0xF0CD, 0xFB01}, {0xF0CB, 0xFB07}, {0xF0C9, 0xFB0D},
    {0xF0C7, 0xFB13}, {0xF0C5, 0xFB19}, {0xF0C3, 0xFB1F}, {0xF0C1, 0xFB25},
    {0xF0BF, 0xFB2B}, {0xF0BD, 0xFB31}, {0xF0BB, 0xFB37}, {0xF0BA, 0xFB3D},
    {0xF0B8, 0xFB43}, {0xF0B6, 0xFB49}, {0xF0B4, 0xFB4F}, {0xF0B2, 0xFB55},
    {0xF0B0, 0xFB5B}, {0xF0AF, 0xFB61}, {0xF0AD, 0xFB67}, {0xF0AB, 0xFB6D},
    {0xF0A9, 0xFB73}, {0xF0A7, 0xFB79}, {0xF0A6, 0xFB7F}, {0xF0A4, 0xFB85},
    {0xF0A2, 0xFB8B}, {0xF0A0, 0xFB91}, {0xF09F, 0xFB97}, {0xF09D, 0xFB9D},
    {0xF09B, 0xFBA3}, {0xF099, 0xFBA9}, {0xF098, 0xFBAF}, {0xF096, 0xFBB5},
    {0xF094, 0xFBBC}, {0xF093, 0xFBC2}, {0xF091, 0xFBC8}, {0xF08F, 0xFBCE},
    {0xF08E, 0xFBD4}, {0xF08C, 0xFBDA}, {0xF08A, 0xFBE0}, {0xF089, 0xFBE6},
    {0xF087, 0xFBEC}, {0xF086, 0xFBF2}, {0xF084, 0xFBF8}, {0xF083, 0xFBFE},
    {0xF081, 0xFC04}, {0xF07F, 0xFC0A}, {0xF07E, 0xFC11}, {0xF07C, 0xFC17},
    {0xF07B, 0xFC1D}, {0xF079, 0xFC23}, {0xF078, 0xFC29}, {0xF076, 0xFC2F},
    {0xF075, 0xFC35}, {0xF073, 0xFC3B}, {0xF072, 0xFC41}, {0xF070, 0xFC47},
    {0xF06F, 0xFC4E}, {0xF06D, 0xFC54}, {0xF06C, 0xFC5A}, {0xF06B, 0xFC60},
    {0xF069, 0xFC66}, {0xF068, 0xFC6C}, {0xF066, 0xFC72}, {0xF065, 0xFC78},
    {0xF064, 0xFC7F}, {0xF062, 0xFC85}, {0xF061, 0xFC8B}, {0xF05F, 0xFC91},
    {0xF05E, 0xFC97}, {0xF05D, 0xFC9D}, {0xF05B, 0xFCA3}, {0xF05A, 0xFCAA},
    {0xF059, 0xFCB0}, {0xF058, 0xFCB6}, {0xF056, 0xFCBC}, {0xF055, 0xFCC2},
    {0xF054, 0xFCC8}, {0xF052, 0xFCCE}, {0xF051, 0xFCD5}, {0xF050, 0xFCDB},
    {0xF04F, 0xFCE1}, {0xF04D, 0xFCE7}, {0xF04C, 0xFCED}, {0xF04B, 0xFCF3},
    {0xF04A, 0xFCFA}, {0xF049, 0xFD00}, {0xF048, 0xFD06}, {0xF046, 0xFD0C},
    {0xF045, 0xFD12}, {0xF044, 0xFD18}, {0xF043, 0xFD1F}, {0xF042, 0xFD25},
    {0xF041, 0xFD2B}, {0xF040, 0xFD31}, {0xF03E, 0xFD37}, {0xF03D, 0xFD3E},
    {0xF03C, 0xFD44}, {0xF03B, 0xFD4A}, {0xF03A, 0xFD50}, {0xF039, 0xFD56},
    {0xF038, 0xFD5D}, {0xF037, 0xFD63}, {0xF036, 0xFD69}, {0xF035, 0xFD6F},
    {0xF034, 0xFD75}, {0xF033, 0xFD7C}, {0xF032, 0xFD82}, {0xF031, 0xFD88},
    {0xF030, 0xFD8E}, {0xF02F, 0xFD94}, {0xF02E, 0xFD9B}, {0xF02D, 0xFDA1},
    {0xF02C, 0xFDA7}, {0xF02B, 0xFDAD}, {0xF02B, 0xFDB3}, {0xF02A, 0xFDBA},
    {0xF029, 0xFDC0}, {0xF028, 0xFDC6}, {0xF027, 0xFDCC}, {0xF026, 0xFDD3},
    {0xF025, 0xFDD9}, {0xF024, 0xFDDF}, {0xF024, 0xFDE5}, {0xF023, 0xFDEB},
    {0xF022, 0xFDF2}, {0xF021, 0xFDF8}, {0xF020, 0xFDFE}, {0xF020, 0xFE04},
    {0xF01F, 0xFE0B}, {0xF01E, 0xFE11}, {0xF01D, 0xFE17}, {0xF01D, 0xFE1D},
    {0xF01C, 0xFE24}, {0xF01B, 0xFE2A}, {0xF01A, 0xFE30}, {0xF01A, 0xFE36},
    {0xF019, 0xFE3D}, {0xF018, 0xFE43}, {0xF018, 0xFE49}, {0xF017, 0xFE4F},
    {0xF016, 0xFE56}, {0xF016, 0xFE5C}, {0xF015, 0xFE62}, {0xF014, 0xFE68},
    {0xF014, 0xFE6F}, {0xF013, 0xFE75}, {0xF013, 0xFE7B}, {0xF012, 0xFE81},
    {0xF011, 0xFE88}, {0xF011, 0xFE8E}, {0xF010, 0xFE94}, {0xF010, 0xFE9A},
    {0xF00F, 0xFEA1}, {0xF00F, 0xFEA7}, {0xF00E, 0xFEAD}, {0xF00E, 0xFEB3},
    {0xF00D, 0xFEBA}, {0xF00D, 0xFEC0}, {0xF00C, 0xFEC6}, {0xF00C, 0xFECC},
    {0xF00B, 0xFED3}, {0xF00B, 0xFED9}, {0xF00A, 0xFEDF}, {0xF00A, 0xFEE5},
    {0xF009, 0xFEEC}, {0xF009, 0xFEF2}, {0xF008, 0xFEF8}, {0xF008, 0xFEFF},
    {0xF008, 0xFF05}, {0xF007, 0xFF0B}, {0xF007, 0xFF11}, {0xF007, 0xFF18},
    {0xF006, 0xFF1E}, {0xF006, 0xFF24}, {0xF006, 0xFF2A}, {0xF005, 0xFF31},
    {0xF005, 0xFF37}, {0xF005, 0xFF3D}, {0xF004, 0xFF44}, {0xF004, 0xFF4A},
    {0xF004, 0xFF50}, {0xF004, 0xFF56}, {0xF003, 0xFF5D}, {0xF003, 0xFF63},
    {0xF003, 0xFF69}, {0xF003, 0xFF70}, {0xF002, 0xFF76}, {0xF002, 0xFF7C},
    {0xF002, 0xFF82}, {0xF002, 0xFF89}, {0xF002, 0xFF8F}, {0xF001, 0xFF95},
    {0xF001, 0xFF9B}, {0xF001, 0xFFA2}, {0xF001, 0xFFA8}, {0xF001, 0xFFAE},
    {0xF001, 0xFFB5}, {0xF001, 0xFFBB}, {0xF000, 0xFFC1}, {0xF000, 0xFFC7},
    {0xF000, 0xFFCE}, {0xF000, 0xFFD4}, {0xF000, 0xFFDA}, {0xF000, 0xFFE1},
    {0xF000, 0xFFE7}, {0xF000, 0xFFED}, {0xF000, 0xFFF3}, {0xF000, 0xFFFA},
    {0xF000, 0x0000}, {0xF000, 0x0006}, {0xF000, 0x000D}, {0xF000, 0x0013},
    {0xF000, 0x0019}, {0xF000, 0x001F}, {0xF000, 0x0026}, {0xF000, 0x002C},
    {0xF000, 0x0032}, {0xF000, 0x0039}, {0xF000, 0x003F}, {0xF001, 0x0045},
    {0xF001, 0x004B}, {0xF001, 0x0052}, {0xF001, 0x0058}, {0xF001, 0x005E},
    {0xF001, 0x0065}, {0xF001, 0x006B}, {0xF002, 0x0071}, {0xF002, 0x0077},
    {0xF002, 0x007E}, {0xF002, 0x0084}, {0xF002, 0x008A}, {0xF003, 0x0090},
    {0xF003, 0x0097}, {0xF003, 0x009D}, {0xF003, 0x00A3}, {0xF004, 0x00AA},
    {0xF004, 0x00B0}, {0xF004, 0x00B6}, {0xF004, 0x00BC}, {0xF005, 0x00C3},
    {0xF005, 0x00C9}, {0xF005, 0x00CF}, {0xF006, 0x00D6}, {0xF006, 0x00DC},
    {0xF006, 0x00E2}, {0xF007, 0x00E8}, {0xF007, 0x00EF}, {0xF007, 0x00F5},
    {0xF008, 0x00FB}, {0xF008, 0x0101}, {0xF008, 0x0108}, {0xF009, 0x010E},
    {0xF009, 0x0114}, {0xF00A, 0x011B}, {0xF00A, 0x0121}, {0xF00B, 0x0127},
    {0xF00B, 0x012D}, {0xF00C, 0x0134}, {0xF00C, 0x013A}, {0xF00D, 0x0140},
    {0xF00D, 0x0146}, {0xF00E, 0x014D}, {0xF00E, 0x0153}, {0xF00F, 0x0159},
    {0xF00F, 0x015F}, {0xF010, 0x0166}, {0xF010, 0x016C}, {0xF011, 0x0172},
    {0xF011, 0x0178}, {0xF012, 0x017F}, {0xF013, 0x0185}, {0xF013, 0x018B},
    {0xF014, 0x0191}, {0xF014, 0x0198}, {0xF015, 0x019E}, {0xF016, 0x01A4},
    {0xF016, 0x01AA}, {0xF017, 0x01B1}, {0xF018, 0x01B7}, {0xF018, 0x01BD},
    {0xF019, 0x01C3}, {0xF01A, 0x01CA}, {0xF01A, 0x01D0}, {0xF01B, 0x01D6},
    {0xF01C, 0x01DC}, {0xF01D, 0x01E3}, {0xF01D, 0x01E9}, {0xF01E, 0x01EF},
    {0xF01F, 0x01F5}, {0xF020, 0x01FC}, {0xF020, 0x0202}, {0xF021, 0x0208},
    {0xF022, 0x020E}, {0xF023, 0x0215}, {0xF024, 0x021B}, {0xF024, 0x0221},
    {0xF025, 0x0227}, {0xF026, 0x022D}, {0xF027, 0x0234}, {0xF028, 0x023A},
    {0xF029, 0x0240}, {0xF02A, 0x0246}, {0xF02B, 0x024D}, {0xF02B, 0x0253},
    {0xF02C, 0x0259}, {0xF02D, 0x025F}, {0xF02E, 0x0265}, {0xF02F, 0x026C},
    {0xF030, 0x0272}, {0xF031, 0x0278}, {0xF032, 0x027E}, {0xF033, 0x0284},
    {0xF034, 0x028B}, {0xF035, 0x0291}, {0xF036, 0x0297}, {0xF037, 0x029D},
    {0xF038, 0x02A3}, {0xF039, 0x02AA}, {0xF03A, 0x02B0}, {0xF03B, 0x02B6},
    {0xF03C, 0x02BC}, {0xF03D, 0x02C2}, {0xF03E, 0x02C9}, {0xF040, 0x02CF},
    {0xF041, 0x02D5}, {0xF042, 0x02DB}, {0xF043, 0x02E1}, {0xF044, 0x02E8},
    {0xF045, 0x02EE}, {0xF046, 0x02F4}, {0xF048, 0x02FA}, {0xF049, 0x0300},
    {0xF04A, 0x0306}, {0xF04B, 0x030D}, {0xF04C, 0x0313}, {0xF04D, 0x0319},
    {0xF04F, 0x031F}, {0xF050, 0x0325}, {0xF051, 0x032B}, {0xF052, 0x0332},
    {0xF054, 0x0338}, {0xF055, 0x033E}, {0xF056, 0x0344}, {0xF058, 0x034A},
    {0xF059, 0x0350}, {0xF05A, 0x0356}, {0xF05B, 0x035D}, {0xF05D, 0x0363},
    {0xF05E, 0x0369}, {0xF05F, 0x036F}, {0xF061, 0x0375}, {0xF062, 0x037B},
    {0xF064, 0x0381}, {0xF065, 0x0388}, {0xF066, 0x038E}, {0xF068, 0x0394},
    {0xF069, 0x039A}, {0xF06B, 0x03A0}, {0xF06C, 0x03A6}, {0xF06D, 0x03AC},
    {0xF06F, 0x03B2}, {0xF070, 0x03B9}, {0xF072, 0x03BF}, {0xF073, 0x03C5},
    {0xF075, 0x03CB}, {0xF076, 0x03D1}, {0xF078, 0x03D7}, {0xF079, 0x03DD},
    {0xF07B, 0x03E3}, {0xF07C, 0x03E9}, {0xF07E, 0x03EF}, {0xF07F, 0x03F6},
    {0xF081, 0x03FC}, {0xF083, 0x0402}, {0xF084, 0x0408}, {0xF086, 0x040E},
    {0xF087, 0x0414}, {0xF089, 0x041A}, {0xF08A, 0x0420}, {0xF08C, 0x0426},
    {0xF08E, 0x042C}, {0xF08F, 0x0432}, {0xF091, 0x0438}, {0xF093, 0x043E},
    {0xF094, 0x0444}, {0xF096, 0x044B}, {0xF098, 0x0451}, {0xF099, 0x0457},
    {0xF09B, 0x045D}, {0xF09D, 0x0463}, {0xF09F, 0x0469}, {0xF0A0, 0x046F},
    {0xF0A2, 0x0475}, {0xF0A4, 0x047B}, {0xF0A6, 0x0481}, {0xF0A7, 0x0487},
    {0xF0A9, 0x048D}, {0xF0AB, 0x0493}, {0xF0AD, 0x0499}, {0xF0AF, 0x049F},
    {0xF0B0, 0x04A5}, {0xF0B2, 0x04AB}, {0xF0B4, 0x04B1}, {0xF0B6, 0x04B7},
    {0xF0B8, 0x04BD}, {0xF0BA, 0x04C3}, {0xF0BB, 0x04C9}, {0xF0BD, 0x04CF},
    {0xF0BF, 0x04D5}, {0xF0C1, 0x04DB}, {0xF0C3, 0x04E1}, {0xF0C5, 0x04E7},
    {0xF0C7, 0x04ED}, {0xF0C9, 0x04F3}, {0xF0CB, 0x04F9}, {0xF0CD, 0x04FF},
    {0xF0CF, 0x0505}, {0xF0D1, 0x050B}, {0xF0D3, 0x0511}, {0xF0D5, 0x0517},
    {0xF0D7, 0x051D}, {0xF0D9, 0x0523}, {0xF0DB, 0x0529}, {0xF0DD, 0x052F},
    {0xF0DF, 0x0534}, {0xF0E1, 0x053A}, {0xF0E3, 0x0540}, {0xF0E5, 0x0546},
    {0xF0E7, 0x054C}, {0xF0E9, 0x0552}, {0xF0EB, 0x0558}, {0xF0ED, 0x055E},
    {0xF0EF, 0x0564}, {0xF0F2, 0x056A}, {0xF0F4, 0x0570}, {0xF0F6, 0x0576},
    {0xF0F8, 0x057C}, {0xF0FA, 0x0581}, {0xF0FC, 0x0587}, {0xF0FE, 0x058D},
    {0xF101, 0x0593}, {0xF103, 0x0599}, {0xF105, 0x059F}, {0xF107, 0x05A5},
    {0xF109, 0x05AB}, {0xF10C, 0x05B1}, {0xF10E, 0x05B6}, {0xF110, 0x05BC},
    {0xF112, 0x05C2}, {0xF115, 0x05C8}, {0xF117, 0x05CE}, {0xF119, 0x05D4},
    {0xF11C, 0x05DA}, {0xF11E, 0x05DF}, {0xF120, 0x05E5}, {0xF123, 0x05EB},
    {0xF125, 0x05F1}, {0xF127, 0x05F7}, {0xF12A, 0x05FD}, {0xF12C, 0x0602},
    {0xF12E, 0x0608}, {0xF131, 0x060E}, {0xF133, 0x0614}, {0xF135, 0x061A},
    {0xF138, 0x061F}, {0xF13A, 0x0625}, {0xF13D, 0x062B}, {0xF13F, 0x0631},
    {0xF141, 0x0637}, {0xF144, 0x063C}, {0xF146, 0x0642}, {0xF149, 0x0648},
    {0xF14B, 0x064E}, {0xF14E, 0x0654}, {0xF150, 0x0659}, {0xF153, 0x065F},
    {0xF155, 0x0665}, {0xF158, 0x066B}, {0xF15A, 0x0670}, {0xF15D, 0x0676},
    {0xF15F, 0x067C}, {0xF162, 0x0682}, {0xF165, 0x0687}, {0xF167, 0x068D},
    {0xF16A, 0x0693}, {0xF16C, 0x0699}, {0xF16F, 0x069E}, {0xF171, 0x06A4},
    {0xF174, 0x06AA}, {0xF177, 0x06AF}, {0xF179, 0x06B5}, {0xF17C, 0x06BB},
    {0xF17F, 0x06C1}, {0xF181, 0x06C6}, {0xF184, 0x06CC}, {0xF187, 0x06D2},
    {0xF189, 0x06D7}, {0xF18C, 0x06DD}, {0xF18F, 0x06E3}, {0xF191, 0x06E8},
    {0xF194, 0x06EE}, {0xF197, 0x06F4}, {0xF19A, 0x06F9}, {0xF19C, 0x06FF},
    {0xF19F, 0x0705}, {0xF1A2, 0x070A}, {0xF1A5, 0x0710}, {0xF1A7, 0x0715},
    {0xF1AA, 0x071B}, {0xF1AD, 0x0721}, {0xF1B0, 0x0726}, {0xF1B3, 0x072C},
    {0xF1B5, 0x0732}, {0xF1B8, 0x0737}, {0xF1BB, 0x073D}, {0xF1BE, 0x0742},
    {0xF1C1, 0x0748}, {0xF1C4, 0x074E}, {0xF1C6, 0x0753}, {0xF1C9, 0x0759},
    {0xF1CC, 0x075E}, {0xF1CF, 0x0764}, {0xF1D2, 0x076A}, {0xF1D5, 0x076F},
    {0xF1D8, 0x0775}, {0xF1DB, 0x077A}, {0xF1DE, 0x0780}, {0xF1E1, 0x0785},
    {0xF1E4, 0x078B}, {0xF1E7, 0x0790}, {0xF1EA, 0x0796}, {0xF1ED, 0x079B},
    {0xF1F0, 0x07A1}, {0xF1F3, 0x07A6}, {0xF1F6, 0x07AC}, {0xF1F9, 0x07B2},
    {0xF1FC, 0x07B7}, {0xF1FF, 0x07BD}, {0xF202, 0x07C2}, {0xF205, 0x07C8},
    {0xF208, 0x07CD}, {0xF20B, 0x07D2}, {0xF20E, 0x07D8}, {0xF211, 0x07DD},
    {0xF214, 0x07E3}, {0xF217, 0x07E8}, {0xF21A, 0x07EE}, {0xF21D, 0x07F3},
    {0xF221, 0x07F9}, {0xF224, 0x07FE}, {0xF227, 0x0804}, {0xF22A, 0x0809},
    {0xF22D, 0x080E}, {0xF230, 0x0814}, {0xF234, 0x0819}, {0xF237, 0x081F},
    {0xF23A, 0x0824}, {0xF23D, 0x082A}, {0xF240, 0x082F}, {0xF244, 0x0834},
    {0xF247, 0x083A}, {0xF24A, 0x083F}, {0xF24D, 0x0845}, {0xF250, 0x084A},
    {0xF254, 0x084F}, {0xF257, 0x0855}, {0xF25A, 0x085A}, {0xF25E, 0x085F},
    {0xF261, 0x0865}, {0xF264, 0x086A}, {0xF267, 0x086F}, {0xF26B, 0x0875},
    {0xF26E, 0x087A}, {0xF271, 0x087F}, {0xF275, 0x0885}, {0xF278, 0x088A},
    {0xF27B, 0x088F}, {0xF27F, 0x0895}, {0xF282, 0x089A}, {0xF286, 0x089F},
    {0xF289, 0x08A5}, {0xF28C, 0x08AA}, {0xF290, 0x08AF}, {0xF293, 0x08B4},
    {0xF297, 0x08BA}, {0xF29A, 0x08BF}, {0xF29E, 0x08C4}, {0xF2A1, 0x08C9},
    {0xF2A4, 0x08CF}, {0xF2A8, 0x08D4}, {0xF2AB, 0x08D9}, {0xF2AF, 0x08DE},
    {0xF2B2, 0x08E4}, {0xF2B6, 0x08E9}, {0xF2B9, 0x08EE}, {0xF2BD, 0x08F3},
    {0xF2C0, 0x08F8}, {0xF2C4, 0x08FE}, {0xF2C7, 0x0903}, {0xF2CB, 0x0908},
    {0xF2CE, 0x090D}, {0xF2D2, 0x0912}, {0xF2D6, 0x0918}, {0xF2D9, 0x091D},
    {0xF2DD, 0x0922}, {0xF2E0, 0x0927}, {0xF2E4, 0x092C}, {0xF2E8, 0x0931},
    {0xF2EB, 0x0937}, {0xF2EF, 0x093C}, {0xF2F2, 0x0941}, {0xF2F6, 0x0946},
    {0xF2FA, 0x094B}, {0xF2FD, 0x0950}, {0xF301, 0x0955}, {0xF305, 0x095A},
    {0xF308, 0x095F}, {0xF30C, 0x0965}, {0xF310, 0x096A}, {0xF313, 0x096F},
    {0xF317, 0x0974}, {0xF31B, 0x0979}, {0xF31F, 0x097E}, {0xF322, 0x0983},
    {0xF326, 0x0988}, {0xF32A, 0x098D}, {0xF32E, 0x0992}, {0xF331, 0x0997},
    {0xF335, 0x099C}, {0xF339, 0x09A1}, {0xF33D, 0x09A6}, {0xF340, 0x09AB},
    {0xF344, 0x09B0}, {0xF348, 0x09B5}, {0xF34C, 0x09BA}, {0xF350, 0x09BF},
    {0xF354, 0x09C4}, {0xF357, 0x09C9}, {0xF35B, 0x09CE}, {0xF35F, 0x09D3},
    {0xF363, 0x09D8}, {0xF367, 0x09DD}, {0xF36B, 0x09E2}, {0xF36F, 0x09E7},
    {0xF372, 0x09EC}, {0xF376, 0x09F1}, {0xF37A, 0x09F6}, {0xF37E, 0x09FB},
    {0xF382, 0x09FF}, {0xF386, 0x0A04}, {0xF38A, 0x0A09}, {0xF38E, 0x0A0E},
    {0xF392, 0x0A13}, {0xF396, 0x0A18}, {0xF39A, 0x0A1D}, {0xF39E, 0x0A22},
    {0xF3A2, 0x0A26}, {0xF3A6, 0x0A2B}, {0xF3AA, 0x0A30}, {0xF3AE, 0x0A35},
    {0xF3B2, 0x0A3A}, {0xF3B6, 0x0A3F}, {0xF3BA, 0x0A44}, {0xF3BE, 0x0A48},
    {0xF3C2, 0x0A4D}, {0xF3C6, 0x0A52}, {0xF3CA, 0x0A57}, {0xF3CE, 0x0A5C},
    {0xF3D2, 0x0A60}, {0xF3D6, 0x0A65}, {0xF3DA, 0x0A6A}, {0xF3DE, 0x0A6F},
    {0xF3E2, 0x0A73}, {0xF3E7, 0x0A78}, {0xF3EB, 0x0A7D}, {0xF3EF, 0x0A82},
    {0xF3F3, 0x0A86}, {0xF3F7, 0x0A8B}, {0xF3FB, 0x0A90}, {0xF3FF, 0x0A95},
    {0xF404, 0x0A99}, {0xF408, 0x0A9E}, {0xF40C, 0x0AA3}, {0xF410, 0x0AA7},
    {0xF414, 0x0AAC}, {0xF418, 0x0AB1}, {0xF41D, 0x0AB5}, {0xF421, 0x0ABA},
    {0xF425, 0x0ABF}, {0xF429, 0x0AC3}, {0xF42E, 0x0AC8}, {0xF432, 0x0ACD},
    {0xF436, 0x0AD1}, {0xF43A, 0x0AD6}, {0xF43F, 0x0ADB}, {0xF443, 0x0ADF},
    {0xF447, 0x0AE4}, {0xF44B, 0x0AE8}, {0xF450, 0x0AED}, {0xF454, 0x0AF2},
    {0xF458, 0x0AF6}, {0xF45D, 0x0AFB}, {0xF461, 0x0AFF}, {0xF465, 0x0B04},
    {0xF469, 0x0B08}, {0xF46E, 0x0B0D}, {0xF472, 0x0B11}, {0xF477, 0x0B16},
    {0xF47B, 0x0B1B}, {0xF47F, 0x0B1F}, {0xF484, 0x0B24}, {0xF488, 0x0B28},
    {0xF48C, 0x0B2D}, {0xF491, 0x0B31}, {0xF495, 0x0B36}, {0xF49A, 0x0B3A},
    {0xF49E, 0x0B3E}, {0xF4A2, 0x0B43}, {0xF4A7, 0x0B47}, {0xF4AB, 0x0B4C},
    {0xF4B0, 0x0B50}, {0xF4B4, 0x0B55}, {0xF4B9, 0x0B59}, {0xF4BD, 0x0B5E},
    {0xF4C2, 0x0B62}, {0xF4C6, 0x0B66}, {0xF4CA, 0x0B6B}, {0xF4CF, 0x0B6F},
    {0xF4D3, 0x0B74}, {0xF4D8, 0x0B78}, {0xF4DC, 0x0B7C}, {0xF4E1, 0x0B81},
    {0xF4E5, 0x0B85}, {0xF4EA, 0x0B89}, {0xF4EF, 0x0B8E}, {0xF4F3, 0x0B92},
    {0xF4F8, 0x0B97}, {0xF4FC, 0x0B9B}, {0xF501, 0x0B9F}, {0xF505, 0x0BA3},
    {0xF50A, 0x0BA8}, {0xF50E, 0x0BAC}, {0xF513, 0x0BB0}, {0xF518, 0x0BB5},
    {0xF51C, 0x0BB9}, {0xF521, 0x0BBD}, {0xF525, 0x0BC1}, {0xF52A, 0x0BC6},
    {0xF52F, 0x0BCA}, {0xF533, 0x0BCE}, {0xF538, 0x0BD2}, {0xF53D, 0x0BD7},
    {0xF541, 0x0BDB}, {0xF546, 0x0BDF}, {0xF54B, 0x0BE3}, {0xF54F, 0x0BE8},
    {0xF554, 0x0BEC}, {0xF559, 0x0BF0}, {0xF55D, 0x0BF4}, {0xF562, 0x0BF8},
    {0xF567, 0x0BFC}, {0xF56B, 0x0C01}, {0xF570, 0x0C05}, {0xF575, 0x0C09},
    {0xF57A, 0x0C0D}, {0xF57E, 0x0C11}, {0xF583, 0x0C15}, {0xF588, 0x0C19},
    {0xF58D, 0x0C1E}, {0xF591, 0x0C22}, {0xF596, 0x0C26}, {0xF59B, 0x0C2A},
    {0xF5A0, 0x0C2E}, {0xF5A4, 0x0C32}, {0xF5A9, 0x0C36}, {0xF5AE, 0x0C3A},
    {0xF5B3, 0x0C3E}, {0xF5B8, 0x0C42}, {0xF5BC, 0x0C46}, {0xF5C1, 0x0C4A},
    {0xF5C6, 0x0C4E}, {0xF5CB, 0x0C52}, {0xF5D0, 0x0C56}, {0xF5D5, 0x0C5A},
    {0xF5DA, 0x0C5E}, {0xF5DE, 0x0C62}, {0xF5E3, 0x0C66}, {0xF5E8, 0x0C6A},
    {0xF5ED, 0x0C6E}, {0xF5F2, 0x0C72}, {0xF5F7, 0x0C76}, {0xF5FC, 0x0C7A},
    {0xF601, 0x0C7E}, {0xF605, 0x0C82}, {0xF60A, 0x0C86}, {0xF60F, 0x0C8A},
    {0xF614, 0x0C8E}, {0xF619, 0x0C91}, {0xF61E, 0x0C95}, {0xF623, 0x0C99},
    {0xF628, 0x0C9D}, {0xF62D, 0x0CA1}, {0xF632, 0x0CA5}, {0xF637, 0x0CA9},
    {0xF63C, 0x0CAC}, {0xF641, 0x0CB0}, {0xF646, 0x0CB4}, {0xF64B, 0x0CB8},
    {0xF650, 0x0CBC}, {0xF655, 0x0CC0}, {0xF65A, 0x0CC3}, {0xF65F, 0x0CC7},
    {0xF664, 0x0CCB}, {0xF669, 0x0CCF}, {0xF66E, 0x0CD2}, {0xF673, 0x0CD6},
    {0xF678, 0x0CDA}, {0xF67D, 0x0CDE}, {0xF682, 0x0CE1}, {0xF687, 0x0CE5},
    {0xF68C, 0x0CE9}, {0xF691, 0x0CED}, {0xF696, 0x0CF0}, {0xF69B, 0x0CF4},
    {0xF6A1, 0x0CF8}, {0xF6A6, 0x0CFB}, {0xF6AB, 0x0CFF}, {0xF6B0, 0x0D03},
    {0xF6B5, 0x0D06}, {0xF6BA, 0x0D0A}, {0xF6BF, 0x0D0E}, {0xF6C4, 0x0D11},
    {0xF6C9, 0x0D15}, {0xF6CF, 0x0D18}, {0xF6D4, 0x0D1C}, {0xF6D9, 0x0D20},
    {0xF6DE, 0x0D23}, {0xF6E3, 0x0D27}, {0xF6E8, 0x0D2A}, {0xF6EE, 0x0D2E},
    {0xF6F3, 0x0D32}, {0xF6F8, 0x0D35}, {0xF6FD, 0x0D39}, {0xF702, 0x0D3C},
    {0xF708, 0x0D40}, {0xF70D, 0x0D43}, {0xF712, 0x0D47}, {0xF717, 0x0D4A},
    {0xF71C, 0x0D4E}, {0xF722, 0x0D51}, {0xF727, 0x0D55}, {0xF72C, 0x0D58},
    {0xF731, 0x0D5C}, {0xF737, 0x0D5F}, {0xF73C, 0x0D62}, {0xF741, 0x0D66},
    {0xF746, 0x0D69}, {0xF74C, 0x0D6D}, {0xF751, 0x0D70}, {0xF756, 0x0D74},
    {0xF75B, 0x0D77}, {0xF761, 0x0D7A}, {0xF766, 0x0D7E}, {0xF76B, 0x0D81},
    {0xF771, 0x0D85}, {0xF776, 0x0D88}, {0xF77B, 0x0D8B}, {0xF781, 0x0D8F},
    {0xF786, 0x0D92}, {0xF78B, 0x0D95}, {0xF791, 0x0D99}, {0xF796, 0x0D9C},
    {0xF79B, 0x0D9F}, {0xF7A1, 0x0DA2}, {0xF7A6, 0x0DA6}, {0xF7AB, 0x0DA9},
    {0xF7B1, 0x0DAC}, {0xF7B6, 0x0DB0}, {0xF7BB, 0x0DB3}, {0xF7C1, 0x0DB6},
    {0xF7C6, 0x0DB9}, {0xF7CC, 0x0DBC}, {0xF7D1, 0x0DC0}, {0xF7D6, 0x0DC3},
    {0xF7DC, 0x0DC6}, {0xF7E1, 0x0DC9}, {0xF7E7, 0x0DCC}, {0xF7EC, 0x0DD0},
    {0xF7F2, 0x0DD3}, {0xF7F7, 0x0DD6}, {0xF7FC, 0x0DD9}, {0xF802, 0x0DDC},
    {0xF807, 0x0DDF}, {0xF80D, 0x0DE3}, {0xF812, 0x0DE6}, {0xF818, 0x0DE9},
    {0xF81D, 0x0DEC}, {0xF823, 0x0DEF}, {0xF828, 0x0DF2}, {0xF82E, 0x0DF5},
    {0xF833, 0x0DF8}, {0xF838, 0x0DFB}, {0xF83E, 0x0DFE}, {0xF843, 0x0E01},
    {0xF849, 0x0E04}, {0xF84E, 0x0E07}, {0xF854, 0x0E0A}, {0xF85A, 0x0E0D},
    {0xF85F, 0x0E10}, {0xF865, 0x0E13}, {0xF86A, 0x0E16}, {0xF870, 0x0E19},
    {0xF875, 0x0E1C}, {0xF87B, 0x0E1F}, {0xF880, 0x0E22}, {0xF886, 0x0E25},
    {0xF88B, 0x0E28}, {0xF891, 0x0E2B}, {0xF896, 0x0E2E}, {0xF89C, 0x0E31},
    {0xF8A2, 0x0E34}, {0xF8A7, 0x0E37}, {0xF8AD, 0x0E3A}, {0xF8B2, 0x0E3C},
    {0xF8B8, 0x0E3F}, {0xF8BE, 0x0E42}, {0xF8C3, 0x0E45}, {0xF8C9, 0x0E48},
    {0xF8CE, 0x0E4B}, {0xF8D4, 0x0E4D}, {0xF8DA, 0x0E50}, {0xF8DF, 0x0E53},
    {0xF8E5, 0x0E56}, {0xF8EB, 0x0E59}, {0xF8F0, 0x0E5B}, {0xF8F6, 0x0E5E},
    {0xF8FB, 0x0E61}, {0xF901, 0x0E64}, {0xF907, 0x0E66}, {0xF90C, 0x0E69},
    {0xF912, 0x0E6C}, {0xF918, 0x0E6F}, {0xF91D, 0x0E71}, {0xF923, 0x0E74},
    {0xF929, 0x0E77}, {0xF92E, 0x0E79}, {0xF934, 0x0E7C}, {0xF93A, 0x0E7F},
    {0xF93F, 0x0E81}, {0xF945, 0x0E84}, {0xF94B, 0x0E87}, {0xF951, 0x0E89},
    {0xF956, 0x0E8C}, {0xF95C, 0x0E8F}, {0xF962, 0x0E91}, {0xF967, 0x0E94},
    {0xF96D, 0x0E96}, {0xF973, 0x0E99}, {0xF979, 0x0E9B}, {0xF97E, 0x0E9E},
    {0xF984, 0x0EA1}, {0xF98A, 0x0EA3}, {0xF990, 0x0EA6}, {0xF995, 0x0EA8},
    {0xF99B, 0x0EAB}, {0xF9A1, 0x0EAD}, {0xF9A7, 0x0EB0}, {0xF9AC, 0x0EB2},
    {0xF9B2, 0x0EB5}, {0xF9B8, 0x0EB7}, {0xF9BE, 0x0EBA}, {0xF9C4, 0x0EBC},
    {0xF9C9, 0x0EBF}, {0xF9CF, 0x0EC1}, {0xF9D5, 0x0EC3}, {0xF9DB, 0x0EC6},
    {0xF9E1, 0x0EC8}, {0xF9E6, 0x0ECB}, {0xF9EC, 0x0ECD}, {0xF9F2, 0x0ECF},
    {0xF9F8, 0x0ED2}, {0xF9FE, 0x0ED4}, {0xFA03, 0x0ED6}, {0xFA09, 0x0ED9},
    {0xFA0F, 0x0EDB}, {0xFA15, 0x0EDD}, {0xFA1B, 0x0EE0}, {0xFA21, 0x0EE2},
    {0xFA26, 0x0EE4}, {0xFA2C, 0x0EE7}, {0xFA32, 0x0EE9}, {0xFA38, 0x0EEB},
    {0xFA3E, 0x0EEE}, {0xFA44, 0x0EF0}, {0xFA4A, 0x0EF2}, {0xFA4F, 0x0EF4},
    {0xFA55, 0x0EF7}, {0xFA5B, 0x0EF9}, {0xFA61, 0x0EFB}, {0xFA67, 0x0EFD},
    {0xFA6D, 0x0EFF}, {0xFA73, 0x0F02}, {0xFA79, 0x0F04}, {0xFA7F, 0x0F06},
    {0xFA84, 0x0F08}, {0xFA8A, 0x0F0A}, {0xFA90, 0x0F0C}, {0xFA96, 0x0F0E},
    {0xFA9C, 0x0F11}, {0xFAA2, 0x0F13}, {0xFAA8, 0x0F15}, {0xFAAE, 0x0F17},
    {0xFAB4, 0x0F19}, {0xFABA, 0x0F1B}, {0xFAC0, 0x0F1D}, {0xFAC6, 0x0F1F},
    {0xFACC, 0x0F21}, {0xFAD1, 0x0F23}, {0xFAD7, 0x0F25}, {0xFADD, 0x0F27},
    {0xFAE3, 0x0F29}, {0xFAE9, 0x0F2B}, {0xFAEF, 0x0F2D}, {0xFAF5, 0x0F2F},
    {0xFAFB, 0x0F31}, {0xFB01, 0x0F33}, {0xFB07, 0x0F35}, {0xFB0D, 0x0F37},
    {0xFB13, 0x0F39}, {0xFB19, 0x0F3B}, {0xFB1F, 0x0F3D}, {0xFB25, 0x0F3F},
    {0xFB2B, 0x0F41}, {0xFB31, 0x0F43}, {0xFB37, 0x0F45}, {0xFB3D, 0x0F46},
    {0xFB43, 0x0F48}, {0xFB49, 0x0F4A}, {0xFB4F, 0x0F4C}, {0xFB55, 0x0F4E},
    {0xFB5B, 0x0F50}, {0xFB61, 0x0F51}, {0xFB67, 0x0F53}, {0xFB6D, 0x0F55},
    {0xFB73, 0x0F57}, {0xFB79, 0x0F59}, {0xFB7F, 0x0F5A}, {0xFB85, 0x0F5C},
    {0xFB8B, 0x0F5E}, {0xFB91, 0x0F60}, {0xFB97, 0x0F61}, {0xFB9D, 0x0F63},
    {0xFBA3, 0x0F65}, {0xFBA9, 0x0F67}, {0xFBAF, 0x0F68}, {0xFBB5, 0x0F6A},
    {0xFBBC, 0x0F6C}, {0xFBC2, 0x0F6D}, {0xFBC8, 0x0F6F}, {0xFBCE, 0x0F71},
    {0xFBD4, 0x0F72}, {0xFBDA, 0x0F74}, {0xFBE0, 0x0F76}, {0xFBE6, 0x0F77},
    {0xFBEC, 0x0F79}, {0xFBF2, 0x0F7A}, {0xFBF8, 0x0F7C}, {0xFBFE, 0x0F7D},
    {0xFC04, 0x0F7F}, {0xFC0A, 0x0F81}, {0xFC11, 0x0F82}, {0xFC17, 0x0F84},
    {0xFC1D, 0x0F85}, {0xFC23, 0x0F87}, {0xFC29, 0x0F88}, {0xFC2F, 0x0F8A},
    {0xFC35, 0x0F8B}, {0xFC3B, 0x0F8D}, {0xFC41, 0x0F8E}, {0xFC47, 0x0F90},
    {0xFC4E, 0x0F91}, {0xFC54, 0x0F93}, {0xFC5A, 0x0F94}, {0xFC60, 0x0F95},
    {0xFC66, 0x0F97}, {0xFC6C, 0x0F98}, {0xFC72, 0x0F9A}, {0xFC78, 0x0F9B},
    {0xFC7F, 0x0F9C}, {0xFC85, 0x0F9E}, {0xFC8B, 0x0F9F}, {0xFC91, 0x0FA1},
    {0xFC97, 0x0FA2}, {0xFC9D, 0x0FA3}, {0xFCA3, 0x0FA5}, {0xFCAA, 0x0FA6},
    {0xFCB0, 0x0FA7}, {0xFCB6, 0x0FA8}, {0xFCBC, 0x0FAA}, {0xFCC2, 0x0FAB},
    {0xFCC8, 0x0FAC}, {0xFCCE, 0x0FAE}, {0xFCD5, 0x0FAF}, {0xFCDB, 0x0FB0},
    {0xFCE1, 0x0FB1}, {0xFCE7, 0x0FB3}, {0xFCED, 0x0FB4}, {0xFCF3, 0x0FB5},
    {0xFCFA, 0x0FB6}, {0xFD00, 0x0FB7}, {0xFD06, 0x0FB8}, {0xFD0C, 0x0FBA},
    {0xFD12, 0x0FBB}, {0xFD18, 0x0FBC}, {0xFD1F, 0x0FBD}, {0xFD25, 0x0FBE},
    {0xFD2B, 0x0FBF}, {0xFD31, 0x0FC0}, {0xFD37, 0x0FC2}, {0xFD3E, 0x0FC3},
    {0xFD44, 0x0FC4}, {0xFD4A, 0x0FC5}, {0xFD50, 0x0FC6}, {0xFD56, 0x0FC7},
    {0xFD5D, 0x0FC8}, {0xFD63, 0x0FC9}, {0xFD69, 0x0FCA}, {0xFD6F, 0x0FCB},
    {0xFD75, 0x0FCC}, {0xFD7C, 0x0FCD}, {0xFD82, 0x0FCE}, {0xFD88, 0x0FCF},
    {0xFD8E, 0x0FD0}, {0xFD94, 0x0FD1}, {0xFD9B, 0x0FD2}, {0xFDA1, 0x0FD3},
    {0xFDA7, 0x0FD4}, {0xFDAD, 0x0FD5}, {0xFDB3, 0x0FD5}, {0xFDBA, 0x0FD6},
    {0xFDC0, 0x0FD7}, {0xFDC6, 0x0FD8}, {0xFDCC, 0x0FD9}, {0xFDD3, 0x0FDA},
    {0xFDD9, 0x0FDB}, {0xFDDF, 0x0FDC}, {0xFDE5, 0x0FDC}, {0xFDEB, 0x0FDD},
    {0xFDF2, 0x0FDE}, {0xFDF8, 0x0FDF}, {0xFDFE, 0x0FE0}, {0xFE04, 0x0FE0},
    {0xFE0B, 0x0FE1}, {0xFE11, 0x0FE2}, {0xFE17, 0x0FE3}, {0xFE1D, 0x0FE3},
    {0xFE24, 0x0FE4}, {0xFE2A, 0x0FE5}, {0xFE30, 0x0FE6}, {0xFE36, 0x0FE6},
    {0xFE3D, 0x0FE7}, {0xFE43, 0x0FE8}, {0xFE49, 0x0FE8}, {0xFE4F, 0x0FE9},
    {0xFE56, 0x0FEA}, {0xFE5C, 0x0FEA}, {0xFE62, 0x0FEB}, {0xFE68, 0x0FEC},
    {0xFE6F, 0x0FEC}, {0xFE75, 0x0FED}, {0xFE7B, 0x0FED}, {0xFE81, 0x0FEE},
    {0xFE88, 0x0FEF}, {0xFE8E, 0x0FEF}, {0xFE94, 0x0FF0}, {0xFE9A, 0x0FF0},
    {0xFEA1, 0x0FF1}, {0xFEA7, 0x0FF1}, {0xFEAD, 0x0FF2}, {0xFEB3, 0x0FF2},
    {0xFEBA, 0x0FF3}, {0xFEC0, 0x0FF3}, {0xFEC6, 0x0FF4}, {0xFECC, 0x0FF4},
    {0xFED3, 0x0FF5}, {0xFED9, 0x0FF5}, {0xFEDF, 0x0FF6}, {0xFEE5, 0x0FF6},
    {0xFEEC, 0x0FF7}, {0xFEF2, 0x0FF7}, {0xFEF8, 0x0FF8}, {0xFEFF, 0x0FF8},
    {0xFF05, 0x0FF8}, {0xFF0B, 0x0FF9}, {0xFF11, 0x0FF9}, {0xFF18, 0x0FF9},
    {0xFF1E, 0x0FFA}, {0xFF24, 0x0FFA}, {0xFF2A, 0x0FFA}, {0xFF31, 0x0FFB},
    {0xFF37, 0x0FFB}, {0xFF3D, 0x0FFB}, {0xFF44, 0x0FFC}, {0xFF4A, 0x0FFC},
    {0xFF50, 0x0FFC}, {0xFF56, 0x0FFC}, {0xFF5D, 0x0FFD}, {0xFF63, 0x0FFD},
    {0xFF69, 0x0FFD}, {0xFF70, 0x0FFD}, {0xFF76, 0x0FFE}, {0xFF7C, 0x0FFE},
    {0xFF82, 0x0FFE}, {0xFF89, 0x0FFE}, {0xFF8F, 0x0FFE}, {0xFF95, 0x0FFF},
    {0xFF9B, 0x0FFF}, {0xFFA2, 0x0FFF}, {0xFFA8, 0x0FFF}, {0xFFAE, 0x0FFF},
    {0xFFB5, 0x0FFF}, {0xFFBB, 0x0FFF}, {0xFFC1, 0x1000}, {0xFFC7, 0x1000},
    {0xFFCE, 0x1000}, {0xFFD4, 0x1000}, {0xFFDA, 0x1000}, {0xFFE1, 0x1000},
    {0xFFE7, 0x1000}, {0xFFED, 0x1000}, {0xFFF3, 0x1000}, {0xFFFA, 0x1000}};

void InitGeom() {
    ZSF3 = 0x155;
    ZSF4 = 0x100;
    H = 1000;
    DQA = -0x1062;
    DQB = 0x140;
    OFX = 0;
    OFY = 0;
}

void SetGeomOffset(long ofx, long ofy) {
    OFX = (short)(ofx & 0xFFFF);
    OFY = (short)(ofy & 0xFFFF);
}

void SetGeomScreen(long h) { H = h; }

void SetRotMatrix(MATRIX* m) {
    M.m[0][0] = m->m[0][0];
    M.m[0][1] = m->m[0][1];
    M.m[0][2] = m->m[0][2];
    M.m[1][0] = m->m[1][0];
    M.m[1][1] = m->m[1][1];
    M.m[1][2] = m->m[1][2];
    M.m[2][0] = m->m[2][0];
    M.m[2][1] = m->m[2][1];
    M.m[2][2] = m->m[2][2];
}

void SetTransMatrix(MATRIX* m) {
    M.t[0] = m->t[0];
    M.t[1] = m->t[1];
    M.t[2] = m->t[2];
}

void SetTransVector(VECTOR* v) {
    M.t[0] = v->vx;
    M.t[1] = v->vy;
    M.t[2] = v->vz;
}

MATRIX* ReadRotMatrix(MATRIX* m) {
    *m = M;
    return m;
}

static MATRIX s_matrixStack[20];
static int s_matrixStackDepth = 0;

void PushMatrix(void) {
    if (s_matrixStackDepth >= LEN(s_matrixStack)) {
        ERRORF("Can't push matrix,stack(max 20) is full!");
        return;
    }
    s_matrixStack[s_matrixStackDepth++] = M;
}

void PopMatrix(void) {
    if (s_matrixStackDepth <= 0) {
        ERRORF("Can't pop matrix,stack is empty!");
        return;
    }
    M = s_matrixStack[--s_matrixStackDepth];
}

void SetLightMatrix(MATRIX* m) {
    L1.m[0][0] = m->m[0][0];
    L1.m[0][1] = m->m[0][1];
    L1.m[0][2] = m->m[0][2];
    L1.m[1][0] = m->m[1][0];
    L1.m[1][1] = m->m[1][1];
    L1.m[1][2] = m->m[1][2];
    L1.m[2][0] = m->m[2][0];
    L1.m[2][1] = m->m[2][1];
    L1.m[2][2] = m->m[2][2];
}

void SetBackColor(long rbk, long gbk, long bbk) {
    L1.t[0] = (int)(rbk * 16);
    L1.t[1] = (int)(gbk * 16);
    L1.t[2] = (int)(bbk * 16);
}

void SetColorMatrix(MATRIX* m) {
    L2.m[0][0] = m->m[0][0];
    L2.m[0][1] = m->m[0][1];
    L2.m[0][2] = m->m[0][2];
    L2.m[1][0] = m->m[1][0];
    L2.m[1][1] = m->m[1][1];
    L2.m[1][2] = m->m[1][2];
    L2.m[2][0] = m->m[2][0];
    L2.m[2][1] = m->m[2][1];
    L2.m[2][2] = m->m[2][2];
}

void SetFarColor(long rfc, long gfc, long bfc) {
    L2.t[0] = (int)(rfc * 16);
    L2.t[1] = (int)(gfc * 16);
    L2.t[2] = (int)(bfc * 16);
}

void SetFogNear(long a, long h) { NOT_IMPLEMENTED; }
void SetFogFar(long a, long h) { NOT_IMPLEMENTED; }

void Psyz_GteLdRgb(CVECTOR* v) { *(unsigned int*)&RGBC = *(unsigned int*)v; }
void Psyz_GteStRgb(CVECTOR* v) { *(unsigned int*)v = RGB2; }

void Psyz_GteLdRgb3(CVECTOR* v0, CVECTOR* v1, CVECTOR* v2) {
    RGB0 = *(unsigned int*)v0;
    RGB1 = *(unsigned int*)v1;
    RGB2 = *(unsigned int*)v2;
    *(unsigned int*)&RGBC = RGB2;
}

void Psyz_GteLdRgb3c(CVECTOR* v) { Psyz_GteLdRgb3(&v[0], &v[1], &v[2]); }

void Psyz_GteStRgb3(CVECTOR* v0, CVECTOR* v1, CVECTOR* v2) {
    *(unsigned int*)v0 = RGB0;
    *(unsigned int*)v1 = RGB1;
    *(unsigned int*)v2 = RGB2;
}

void Psyz_GteStRgb3G3(void* polyG3) {
    POLY_G3* poly = (POLY_G3*)polyG3;
    *(unsigned int*)&poly->r0 = RGB0;
    *(unsigned int*)&poly->r1 = RGB1;
    *(unsigned int*)&poly->r2 = RGB2;
}

void Psyz_GteStRgb3Gt3(void* polyGt3) {
    POLY_GT3* poly = (POLY_GT3*)polyGt3;
    *(unsigned int*)&poly->r0 = RGB0;
    *(unsigned int*)&poly->r1 = RGB1;
    *(unsigned int*)&poly->r2 = RGB2;
}

void Psyz_GteStRgb3G4(void* polyG4) {
    POLY_G4* poly = (POLY_G4*)polyG4;
    *(unsigned int*)&poly->r0 = RGB0;
    *(unsigned int*)&poly->r1 = RGB1;
    *(unsigned int*)&poly->r2 = RGB2;
}

void Psyz_GteStRgb3Gt4(void* polyGt4) {
    POLY_GT4* poly = (POLY_GT4*)polyGt4;
    *(unsigned int*)&poly->r0 = RGB0;
    *(unsigned int*)&poly->r1 = RGB1;
    *(unsigned int*)&poly->r2 = RGB2;
}

void Psyz_GteLdDp(long p) { IR0 = (short)p; }

void Psyz_GteLdSz3(long sz1, long sz2, long sz3) {
    SZ1 = (u16)sz1;
    SZ2 = (u16)sz2;
    SZ3 = (u16)sz3;
}

void Psyz_GteLdSz4(long sz0, long sz1, long sz2, long sz3) {
    SZ0 = (u16)sz0;
    Psyz_GteLdSz3(sz1, sz2, sz3);
}

void Psyz_GteLdClmv(void* p) {
    short* s = (short*)p;
    IR1 = s[0];
    IR2 = s[3];
    IR3 = s[6];
}

void Psyz_GteStClmv(void* p) {
    short* s = (short*)p;
    s[0] = IR1;
    s[3] = IR2;
    s[6] = IR3;
}

void Psyz_GteLdTr(long tx, long ty, long tz) {
    M.t[0] = (int)tx;
    M.t[1] = (int)ty;
    M.t[2] = (int)tz;
}

void Psyz_GteLdTx(long v) { M.t[0] = (int)v; }
void Psyz_GteLdTy(long v) { M.t[1] = (int)v; }
void Psyz_GteLdTz(long v) { M.t[2] = (int)v; }

long SquareRoot0_impl(long a);
long SquareRoot0(long a) { return SquareRoot0_impl(a); }

long SquareRoot12_impl(long a);
long SquareRoot12(long a) { return SquareRoot12_impl(a); }

int rsin(int a) {
    if (a < 0) {
        return -(int)rcossin_tbl[-a & 0xFFF][0];
    }
    return (int)rcossin_tbl[a & 0xFFF][0];
}

int rcos(int a) {
    if (a < 0) {
        a = -a;
    }
    return (int)rcossin_tbl[a & 0xFFF][1];
}

static void rcossin(int a, int* c, int* s) {
    if (a < 0) {
        a = -a;
        *c = (int)rcossin_tbl[a & 0xFFF][1];
        *s = -(int)rcossin_tbl[a & 0xFFF][0];
    } else {
        *c = (int)rcossin_tbl[a & 0xFFF][1];
        *s = (int)rcossin_tbl[a & 0xFFF][0];
    }
}

MATRIX* RotMatrix(SVECTOR* r, MATRIX* m) {
    int sx, cx, sy, nsy, cy, sz, cz;
    int t;

    rcossin(r->vx, &cx, &sx);
    rcossin(r->vy, &cy, &sy);
    nsy = -sy;

    m->m[0][2] = sy;
    m->m[1][2] = -(cy * sx) >> 12;
    m->m[2][2] = (cy * cx) >> 12;

    rcossin(r->vz, &cz, &sz);

    m->m[0][0] = (cz * cy) >> 12;
    m->m[0][1] = -(sz * cy) >> 12;

    t = (cz * nsy) >> 12;
    m->m[1][0] = ((sz * cx) >> 12) - ((t * sx) >> 12);
    m->m[2][0] = ((sz * sx) >> 12) + ((t * cx) >> 12);

    t = (sz * nsy) >> 12;
    m->m[1][1] = ((cz * cx) >> 12) + ((t * sx) >> 12);
    m->m[2][1] = ((cz * sx) >> 12) - ((t * cx) >> 12);

    return m;
}

MATRIX* RotMatrixY(long r, MATRIX* m) {
    int c, s;
    int a0 = m->m[0][0], a1 = m->m[0][1], a2 = m->m[0][2];
    int b0 = m->m[2][0], b1 = m->m[2][1], b2 = m->m[2][2];

    rcossin((short)r, &c, &s);
    m->m[0][0] = (short)((c * a0 + s * b0) >> 12);
    m->m[0][1] = (short)((c * a1 + s * b1) >> 12);
    m->m[0][2] = (short)((c * a2 + s * b2) >> 12);
    m->m[2][0] = (short)((c * b0 - s * a0) >> 12);
    m->m[2][1] = (short)((c * b1 - s * a1) >> 12);
    m->m[2][2] = (short)((c * b2 - s * a2) >> 12);
    return m;
}

MATRIX* RotMatrixX(long r, MATRIX* m) {
    int c, s;
    int a0 = m->m[1][0], a1 = m->m[1][1], a2 = m->m[1][2];
    int b0 = m->m[2][0], b1 = m->m[2][1], b2 = m->m[2][2];

    rcossin((short)r, &c, &s);
    m->m[1][0] = (short)((c * a0 - s * b0) >> 12);
    m->m[1][1] = (short)((c * a1 - s * b1) >> 12);
    m->m[1][2] = (short)((c * a2 - s * b2) >> 12);
    m->m[2][0] = (short)((s * a0 + c * b0) >> 12);
    m->m[2][1] = (short)((s * a1 + c * b1) >> 12);
    m->m[2][2] = (short)((s * a2 + c * b2) >> 12);
    return m;
}

MATRIX* RotMatrixZ(long r, MATRIX* m) {
    int c, s;
    int a0 = m->m[0][0], a1 = m->m[0][1], a2 = m->m[0][2];
    int b0 = m->m[1][0], b1 = m->m[1][1], b2 = m->m[1][2];

    rcossin((short)r, &c, &s);
    m->m[0][0] = (short)((c * a0 - s * b0) >> 12);
    m->m[0][1] = (short)((c * a1 - s * b1) >> 12);
    m->m[0][2] = (short)((c * a2 - s * b2) >> 12);
    m->m[1][0] = (short)((s * a0 + c * b0) >> 12);
    m->m[1][1] = (short)((s * a1 + c * b1) >> 12);
    m->m[1][2] = (short)((s * a2 + c * b2) >> 12);
    return m;
}

MATRIX* RotMatrixYXZ(SVECTOR* r, MATRIX* m) {
    int sx, cx, sy, cy, sz, cz;
    int sysx, cysx;

    rcossin(r->vx, &cx, &sx);
    rcossin(r->vy, &cy, &sy);
    rcossin(r->vz, &cz, &sz);

    sysx = (sy * sx) >> 12;
    cysx = (cy * sx) >> 12;

    m->m[0][0] = ((cy * cz) >> 12) + ((sysx * sz) >> 12);
    m->m[0][1] = ((sysx * cz) >> 12) - ((cy * sz) >> 12);
    m->m[0][2] = (sy * cx) >> 12;
    m->m[1][0] = (cx * sz) >> 12;
    m->m[1][1] = (cx * cz) >> 12;
    m->m[1][2] = -sx;
    m->m[2][0] = ((cysx * sz) >> 12) - ((sy * cz) >> 12);
    m->m[2][1] = ((sy * sz) >> 12) + ((cysx * cz) >> 12);
    m->m[2][2] = (cy * cx) >> 12;

    return m;
}

MATRIX* RotMatrixZYX(SVECTOR* r, MATRIX* m) {
    int sx, cx, sy, cy, sz, cz;
    int sysx, sycx;

    rcossin(r->vx, &cx, &sx);
    rcossin(r->vy, &cy, &sy);
    rcossin(r->vz, &cz, &sz);

    sysx = (sy * sx) >> 12;
    sycx = (sy * cx) >> 12;

    m->m[0][0] = (cy * cz) >> 12;
    m->m[0][1] = ((sysx * cz) >> 12) - ((sz * cx) >> 12);
    m->m[0][2] = ((sycx * cz) >> 12) + ((sx * sz) >> 12);
    m->m[1][0] = (sz * cy) >> 12;
    m->m[1][1] = ((sysx * sz) >> 12) + ((cx * cz) >> 12);
    m->m[1][2] = ((sycx * sz) >> 12) - ((sx * cz) >> 12);
    m->m[2][0] = -sy;
    m->m[2][1] = (sx * cy) >> 12;
    m->m[2][2] = (cx * cy) >> 12;

    return m;
}

MATRIX* TransMatrix(MATRIX* m, VECTOR* v) {
    m->t[0] = v->vx;
    m->t[1] = v->vy;
    m->t[2] = v->vz;
    return m;
}

MATRIX* ScaleMatrix(MATRIX* m, VECTOR* v) {
    int sx = v->vx, sy = v->vy, sz = v->vz;
    int i;
    for (i = 0; i < 3; i++) {
        m->m[i][0] = (short)(((int)m->m[i][0] * sx) >> 12);
        m->m[i][1] = (short)(((int)m->m[i][1] * sy) >> 12);
        m->m[i][2] = (short)(((int)m->m[i][2] * sz) >> 12);
    }
    return m;
}

static inline void mat_vec(int sf, int lm, const short (*m)[3], int vx, int vy,
                           int vz, int t1, int t2, int t3);

MATRIX* MulMatrix(MATRIX* m0, MATRIX* m1) {
    MATRIX r;
    int j;

    for (j = 0; j < 3; j++) {
        FLAG = 0;
        mat_vec(1, 0, m0->m, m1->m[0][j], m1->m[1][j], m1->m[2][j], 0, 0, 0);
        r.m[0][j] = IR1;
        r.m[1][j] = IR2;
        r.m[2][j] = IR3;
    }
    V0.vx = m1->m[0][2];
    V0.vy = m1->m[1][2];
    V0.vz = m1->m[2][2];
    FLAG_UPDATE_ERROR();

    m0->m[0][0] = r.m[0][0];
    m0->m[0][1] = r.m[0][1];
    m0->m[0][2] = r.m[0][2];
    m0->m[1][0] = r.m[1][0];
    m0->m[1][1] = r.m[1][1];
    m0->m[1][2] = r.m[1][2];
    m0->m[2][0] = r.m[2][0];
    m0->m[2][1] = r.m[2][1];
    m0->m[2][2] = r.m[2][2];
    return m0;
}

MATRIX* CompMatrix(MATRIX* m0, MATRIX* m1, MATRIX* m2) {
    MATRIX r;
    int j;

    for (j = 0; j < 3; j++) {
        FLAG = 0;
        mat_vec(1, 0, m0->m, m1->m[0][j], m1->m[1][j], m1->m[2][j], 0, 0, 0);
        r.m[0][j] = IR1;
        r.m[1][j] = IR2;
        r.m[2][j] = IR3;
    }

    V0.vx = (short)m1->t[0];
    V0.vy = (short)m1->t[1];
    V0.vz = (short)m1->t[2];
    FLAG = 0;
    mat_vec(1, 0, m0->m, V0.vx, V0.vy, V0.vz, 0, 0, 0);
    FLAG_UPDATE_ERROR();
    r.t[0] = MAC1 + m0->t[0];
    r.t[1] = MAC2 + m0->t[1];
    r.t[2] = MAC3 + m0->t[2];

    *m2 = r;
    return m2;
}

// RTPS, RTPT, NCLIP, AVSZ3, AVSZ4 are implementations after
// https://problemkaputt.de/psxspx-gte-coordinate-calculation-commands.htm

// PSX divider table (UNR). Entry i estimates 1 / (1 + i/256) used in the
// Newton-Raphson step for the (H << 17) / SZ3 calculation in RTPS.
static const unsigned char unr_table[257] = {
    0xFF, 0xFD, 0xFB, 0xF9, 0xF7, 0xF5, 0xF3, 0xF1, 0xEF, 0xEE, 0xEC, 0xEA,
    0xE8, 0xE6, 0xE4, 0xE3, 0xE1, 0xDF, 0xDD, 0xDC, 0xDA, 0xD8, 0xD6, 0xD5,
    0xD3, 0xD1, 0xD0, 0xCE, 0xCD, 0xCB, 0xC9, 0xC8, 0xC6, 0xC5, 0xC3, 0xC1,
    0xC0, 0xBE, 0xBD, 0xBB, 0xBA, 0xB8, 0xB7, 0xB5, 0xB4, 0xB2, 0xB1, 0xB0,
    0xAE, 0xAD, 0xAB, 0xAA, 0xA9, 0xA7, 0xA6, 0xA4, 0xA3, 0xA2, 0xA0, 0x9F,
    0x9E, 0x9C, 0x9B, 0x9A, 0x99, 0x97, 0x96, 0x95, 0x94, 0x92, 0x91, 0x90,
    0x8F, 0x8D, 0x8C, 0x8B, 0x8A, 0x89, 0x87, 0x86, 0x85, 0x84, 0x83, 0x82,
    0x81, 0x7F, 0x7E, 0x7D, 0x7C, 0x7B, 0x7A, 0x79, 0x78, 0x77, 0x75, 0x74,
    0x73, 0x72, 0x71, 0x70, 0x6F, 0x6E, 0x6D, 0x6C, 0x6B, 0x6A, 0x69, 0x68,
    0x67, 0x66, 0x65, 0x64, 0x63, 0x62, 0x61, 0x60, 0x5F, 0x5E, 0x5D, 0x5D,
    0x5C, 0x5B, 0x5A, 0x59, 0x58, 0x57, 0x56, 0x55, 0x54, 0x53, 0x53, 0x52,
    0x51, 0x50, 0x4F, 0x4E, 0x4D, 0x4D, 0x4C, 0x4B, 0x4A, 0x49, 0x48, 0x48,
    0x47, 0x46, 0x45, 0x44, 0x43, 0x43, 0x42, 0x41, 0x40, 0x3F, 0x3F, 0x3E,
    0x3D, 0x3C, 0x3C, 0x3B, 0x3A, 0x39, 0x39, 0x38, 0x37, 0x36, 0x36, 0x35,
    0x34, 0x33, 0x33, 0x32, 0x31, 0x31, 0x30, 0x2F, 0x2E, 0x2E, 0x2D, 0x2C,
    0x2C, 0x2B, 0x2A, 0x2A, 0x29, 0x28, 0x28, 0x27, 0x26, 0x26, 0x25, 0x24,
    0x24, 0x23, 0x22, 0x22, 0x21, 0x20, 0x20, 0x1F, 0x1E, 0x1E, 0x1D, 0x1D,
    0x1C, 0x1B, 0x1B, 0x1A, 0x19, 0x19, 0x18, 0x18, 0x17, 0x16, 0x16, 0x15,
    0x15, 0x14, 0x14, 0x13, 0x12, 0x12, 0x11, 0x11, 0x10, 0x0F, 0x0F, 0x0E,
    0x0E, 0x0D, 0x0D, 0x0C, 0x0C, 0x0B, 0x0A, 0x0A, 0x09, 0x09, 0x08, 0x08,
    0x07, 0x07, 0x06, 0x06, 0x05, 0x05, 0x04, 0x04, 0x03, 0x03, 0x02, 0x02,
    0x01, 0x01, 0x00, 0x00, 0x00};

// The helpers below are macros so that -O0 builds inline them too.
// The keyword `inline` is a compiler hint, and doesn't guarantee inlining.

#if defined(__GNUC__) || defined(__clang__)
// Unix compilers use the highly performant byte code clz to count bits.
#define CLZ16(x) ((unsigned)__builtin_clz((unsigned)(x)) - 16u)
#else
// The equivalent of the built-in clz for MSVC is _BitScanReverse.
// NOTE _BitScanReverse is not a function, it's a compiler compiler intrinsic!
static unsigned clz16(unsigned x) {
#if defined(_MSC_VER)
    unsigned long bit;
    _BitScanReverse(&bit, x);
    return 15u - (unsigned)bit;
#else
    // Otherwise, fall back to the slowest way of counting bits for a value.
    unsigned z = 0;
    while ((x & 0x8000) == 0) {
        x <<= 1;
        z++;
    }
    return z;
#endif
}
#define CLZ16(x) clz16(x)
#endif

// PSX GTE divider: out = (h << 17) / sz3 tops at 1FFFFh. Needs h < sz3 * 2.
// Use the Newton-Raphson algorithm.
#define GTE_DIVIDE(out, h, sz3)                                                \
    do {                                                                       \
        unsigned dv_z = CLZ16(sz3);                                            \
        unsigned dv_n = (unsigned)(h) << dv_z;                                 \
        unsigned dv_d = (unsigned)(sz3) << dv_z;                               \
        unsigned dv_u = unr_table[(dv_d - 0x7FC0) >> 7] + 0x101;               \
        unsigned long long dv_r;                                               \
        dv_d = (0x2000080u - dv_d * dv_u) >> 8;                                \
        dv_d = (0x0000080u + dv_d * dv_u) >> 8;                                \
        dv_r = ((unsigned long long)dv_n * dv_d + 0x8000ull) >> 16;            \
        (out) = dv_r > 0x1FFFFu ? 0x1FFFF : (int)dv_r;                         \
    } while (0)

// out = v clamped to lo..hi, raising bit in f when it clamps.
// The compiler should be smart enough to know how to inline and optimize it.
#define SAT_FLAG(out, v, lo, hi, bit, f)                                       \
    do {                                                                       \
        int sat_v = (v);                                                       \
        if (sat_v < (lo) || sat_v > (hi)) {                                    \
            (f) |= (bit);                                                      \
            sat_v = sat_v < (lo) ? (lo) : (hi);                                \
        }                                                                      \
        (out) = sat_v;                                                         \
    } while (0)

// IR1..3 saturation. lm=1 clamps to 0..+7FFF, lm=0 clamps to -8000..+7FFF.
#define IR_SAT(out, v, lm, bit)                                                \
    do {                                                                       \
        int irs_v = (v), irs_lo = (lm) ? 0 : -0x8000;                          \
        if (irs_v < irs_lo || irs_v > 0x7FFF)                                  \
            FLAG |= (bit);                                                     \
        (out) = (short)CLAMP(irs_v, irs_lo, 0x7FFF);                           \
    } while (0)

// MAC0 overflow of a 16.16 value whose upper half is hi
#define MAC0_OVF(hi, f)                                                        \
    do {                                                                       \
        if ((unsigned)((hi) + 0x8000) > 0xFFFFu)                               \
            (f) |= (hi) < 0 ? FLAG_MAC0_OVF_NEG : FLAG_MAC0_OVF_POS;           \
    } while (0)

#ifdef GTE_64BIT
#define MAC_MUL(a, b) ((long long)(a) * (b))
#define MAC44(hi, low, t, a, b, c, idx, f)                                     \
    do {                                                                       \
        long long mac_v = (long long)(t) * 4096 + (a) + (b) + (c);             \
        if ((unsigned long long)(mac_v + (1LL << 43)) >> 44)                   \
            (f) |=                                                             \
                (mac_v < 0 ? FLAG_MAC1_OVF_NEG : FLAG_MAC1_OVF_POS) >> (idx);  \
        (low) = (int)mac_v;                                                    \
        (hi) = (int)(mac_v >> 12);                                             \
    } while (0)
#define MUL_DIV_HI(d, x) ((int)(((long long)(d) * (x)) >> 16))
#define RTP_DEPTH(div, f)                                                      \
    do {                                                                       \
        long long dq_m = (long long)(div) * DQA + DQB;                         \
        int dq_ir;                                                             \
        if ((unsigned long long)(dq_m + 0x80000000LL) >> 32)                   \
            (f) |= dq_m < 0 ? FLAG_MAC0_OVF_NEG : FLAG_MAC0_OVF_POS;           \
        MAC0 = (int)dq_m;                                                      \
        if (dq_m < 0 || dq_m > 0x1000000)                                      \
            (f) |= FLAG_IR0_SAT;                                               \
        dq_ir = (int)(dq_m >> 12);                                             \
        IR0 = (short)CLAMP(dq_ir, 0, 0x1000);                                  \
    } while (0)
#define NCLIP_CALC(out, x0, y0, x1, y1, x2, y2, f)                             \
    do {                                                                       \
        int nc_x0 = (x0), nc_y0 = (y0), nc_x1 = (x1), nc_y1 = (y1);            \
        int nc_x2 = (x2), nc_y2 = (y2);                                        \
        long long nc_a = (long long)nc_x0 * (nc_y1 - nc_y2) +                  \
                         (long long)nc_x1 * (nc_y2 - nc_y0);                   \
        long long nc_b = nc_a + (long long)nc_x2 * (nc_y0 - nc_y1);            \
        if (nc_a != (int)nc_a)                                                 \
            (f) |= nc_a < 0 ? FLAG_MAC0_OVF_NEG : FLAG_MAC0_OVF_POS;           \
        if (nc_b != (int)nc_b)                                                 \
            (f) |= nc_b < 0 ? FLAG_MAC0_OVF_NEG : FLAG_MAC0_OVF_POS;           \
        (out) = (int)nc_b;                                                     \
    } while (0)

#else
#define MAC_MUL(a, b) ((a) * (b))
#define MAC44(hi, low, t, a, b, c, idx, f)                                     \
    do {                                                                       \
        int mac_t = (t), mac_a = (a), mac_b = (b), mac_c = (c);                \
        unsigned mac_w = (unsigned)mac_a + (unsigned)mac_b + (unsigned)mac_c;  \
        int mac_q = (mac_a >> 12) + (mac_b >> 12) + (mac_c >> 12);             \
        int mac_h = mac_q + (int)((mac_w - ((unsigned)mac_q << 12)) >> 12);    \
        int mac_v = (int)((unsigned)mac_t + (unsigned)mac_h);                  \
        if (((mac_t ^ mac_v) & (mac_h ^ mac_v)) < 0)                           \
            (f) |=                                                             \
                (mac_h < 0 ? FLAG_MAC1_OVF_NEG : FLAG_MAC1_OVF_POS) >> (idx);  \
        (low) = (int)(((unsigned)mac_t << 12) + mac_w);                        \
        (hi) = mac_v;                                                          \
    } while (0)
#define MUL_DIV_HI(d, x)                                                       \
    ((int)((unsigned)(d) >> 16) * (x) + (((int)((d) & 0xFFFF) * (x)) >> 16))
#define RTP_DEPTH(div, f)                                                      \
    do {                                                                       \
        int dq_p = (int)((div) & 0xFFFF) * DQA;                                \
        unsigned dq_lo = (unsigned)(dq_p & 0xFFFF) + (DQB & 0xFFFF);           \
        int dq_hi = (int)((unsigned)(div) >> 16) * DQA + (dq_p >> 16) +        \
                    (DQB >> 16) + (int)(dq_lo >> 16);                          \
        int dq_ir;                                                             \
        dq_lo &= 0xFFFF;                                                       \
        MAC0_OVF(dq_hi, f);                                                    \
        MAC0 = (int)(((unsigned)dq_hi << 16) | dq_lo);                         \
        if ((unsigned)dq_hi > 0x100 || (dq_hi == 0x100 && dq_lo))              \
            (f) |= FLAG_IR0_SAT;                                               \
        dq_ir = dq_hi * 16 + (int)(dq_lo >> 12);                               \
        IR0 = (short)CLAMP(dq_ir, 0, 0x1000);                                  \
    } while (0)
#define NCLIP_CALC(out, x0, y0, x1, y1, x2, y2, f)                             \
    do {                                                                       \
        int nc_x0 = (x0), nc_y0 = (y0), nc_x1 = (x1), nc_y1 = (y1);            \
        int nc_x2 = (x2), nc_y2 = (y2);                                        \
        int nc_p0 = nc_x0 * (nc_y1 - nc_y2);                                   \
        int nc_p1 = nc_x1 * (nc_y2 - nc_y0);                                   \
        int nc_p2 = nc_x2 * (nc_y0 - nc_y1);                                   \
        int nc_s = (int)((unsigned)nc_p0 + (unsigned)nc_p1);                   \
        int nc_t = (int)((unsigned)nc_s + (unsigned)nc_p2);                    \
        int nc_c = 0;                                                          \
        if (((nc_p0 ^ nc_s) & (nc_p1 ^ nc_s)) < 0) {                           \
            nc_c = nc_p0 < 0 ? -1 : 1;                                         \
            (f) |= nc_c < 0 ? FLAG_MAC0_OVF_NEG : FLAG_MAC0_OVF_POS;           \
        }                                                                      \
        if (((nc_s ^ nc_t) & (nc_p2 ^ nc_t)) < 0)                              \
            nc_c += nc_s < 0 ? -1 : 1;                                         \
        if (nc_c)                                                              \
            (f) |= nc_c < 0 ? FLAG_MAC0_OVF_NEG : FLAG_MAC0_OVF_POS;           \
        (out) = nc_t;                                                          \
    } while (0)
#endif

// Perspective transformation of one vertex into caller locals.
#define RTP_VERTEX(                                                            \
    sf, lm, x, y, z, f, div, mac1, mac2, mac3, ir1, ir2, ir3, sx, sy, sz)      \
    do {                                                                       \
        int rv_x = (x), rv_y = (y), rv_z = (z);                                \
        int rv_h1, rv_h2, rv_h3, rv_l1, rv_l2, rv_l3;                          \
        MAC44(rv_h1, rv_l1, M.t[0], MAC_MUL(M.m[0][0], rv_x),                  \
              MAC_MUL(M.m[0][1], rv_y), MAC_MUL(M.m[0][2], rv_z), 0, f);       \
        MAC44(rv_h2, rv_l2, M.t[1], MAC_MUL(M.m[1][0], rv_x),                  \
              MAC_MUL(M.m[1][1], rv_y), MAC_MUL(M.m[1][2], rv_z), 1, f);       \
        MAC44(rv_h3, rv_l3, M.t[2], MAC_MUL(M.m[2][0], rv_x),                  \
              MAC_MUL(M.m[2][1], rv_y), MAC_MUL(M.m[2][2], rv_z), 2, f);       \
        (mac1) = (sf) ? rv_h1 : rv_l1;                                         \
        (mac2) = (sf) ? rv_h2 : rv_l2;                                         \
        (mac3) = (sf) ? rv_h3 : rv_l3;                                         \
        SAT_FLAG(ir1, mac1, (lm) ? 0 : -0x8000, 0x7FFF, FLAG_IR1_SAT, f);      \
        SAT_FLAG(ir2, mac2, (lm) ? 0 : -0x8000, 0x7FFF, FLAG_IR2_SAT, f);      \
        (ir3) = CLAMP(mac3, (lm) ? 0 : -0x8000, 0x7FFF);                       \
        if (rv_h3 < -0x8000 || rv_h3 > 0x7FFF)                                 \
            (f) |= FLAG_IR3_SAT;                                               \
        SAT_FLAG(sz, rv_h3, 0, 0xFFFF, FLAG_SZ3_OTZ_SAT, f);                   \
        if (H >= (sz) * 2) {                                                   \
            (f) |= FLAG_DIV_OVF;                                               \
            (div) = 0x1FFFF;                                                   \
        } else {                                                               \
            GTE_DIVIDE(div, H, sz);                                            \
        }                                                                      \
        (sx) = OFX + MUL_DIV_HI(div, ir1);                                     \
        MAC0_OVF(sx, f);                                                       \
        SAT_FLAG(sx, sx, -0x400, 0x3FF, FLAG_SX2_SAT, f);                      \
        (sy) = OFY + MUL_DIV_HI(div, ir2);                                     \
        MAC0_OVF(sy, f);                                                       \
        SAT_FLAG(sy, sy, -0x400, 0x3FF, FLAG_SY2_SAT, f);                      \
    } while (0)

#define RTP_STORE_MAC_IR()                                                     \
    do {                                                                       \
        MAC1 = rt_mac1;                                                        \
        MAC2 = rt_mac2;                                                        \
        MAC3 = rt_mac3;                                                        \
        IR1 = (short)rt_ir1;                                                   \
        IR2 = (short)rt_ir2;                                                   \
        IR3 = (short)rt_ir3;                                                   \
    } while (0)

// RTPS on V0. sxy gets the packed screen XY,o callers never read back SX2/SY2.
#define RTPS_BODY(sf, lm, sxy)                                                 \
    do {                                                                       \
        FLAG = 0;                                                              \
        int rt_div, rt_mac1, rt_mac2, rt_mac3, rt_ir1, rt_ir2, rt_ir3;         \
        int rt_sx, rt_sy, rt_sz;                                               \
        RTP_VERTEX(sf, lm, V0.vx, V0.vy, V0.vz, FLAG, rt_div, rt_mac1,         \
                   rt_mac2, rt_mac3, rt_ir1, rt_ir2, rt_ir3, rt_sx, rt_sy,     \
                   rt_sz);                                                     \
        SZ0 = SZ1;                                                             \
        SZ1 = SZ2;                                                             \
        SZ2 = SZ3;                                                             \
        SZ3 = (unsigned short)rt_sz;                                           \
        SX0 = SX1;                                                             \
        SY0 = SY1;                                                             \
        SX1 = SX2;                                                             \
        SY1 = SY2;                                                             \
        SX2 = (short)rt_sx;                                                    \
        SY2 = (short)rt_sy;                                                    \
        SXP = (short)rt_sx;                                                    \
        SYP = (short)rt_sy;                                                    \
        RTP_STORE_MAC_IR();                                                    \
        RTP_DEPTH(rt_div, FLAG);                                               \
        FLAG_UPDATE_ERROR();                                                   \
        (sxy) = SXY(rt_sx, rt_sy);                                             \
    } while (0)

// RTPT on V0..V2, sxy0..2 receive the packed screen XY
#define RTPT_BODY(sf, lm, sxy0, sxy1, sxy2)                                    \
    do {                                                                       \
        FLAG = 0;                                                              \
        int rt_div, rt_mac1, rt_mac2, rt_mac3, rt_ir1, rt_ir2, rt_ir3;         \
        int rt_sx, rt_sy, rt_sz;                                               \
        SZ0 = SZ3;                                                             \
        RTP_VERTEX(sf, lm, V0.vx, V0.vy, V0.vz, FLAG, rt_div, rt_mac1,         \
                   rt_mac2, rt_mac3, rt_ir1, rt_ir2, rt_ir3, rt_sx, rt_sy,     \
                   rt_sz);                                                     \
        SZ1 = (unsigned short)rt_sz;                                           \
        SX0 = (short)rt_sx;                                                    \
        SY0 = (short)rt_sy;                                                    \
        (sxy0) = SXY(rt_sx, rt_sy);                                            \
        RTP_VERTEX(sf, lm, V1.vx, V1.vy, V1.vz, FLAG, rt_div, rt_mac1,         \
                   rt_mac2, rt_mac3, rt_ir1, rt_ir2, rt_ir3, rt_sx, rt_sy,     \
                   rt_sz);                                                     \
        SZ2 = (unsigned short)rt_sz;                                           \
        SX1 = (short)rt_sx;                                                    \
        SY1 = (short)rt_sy;                                                    \
        (sxy1) = SXY(rt_sx, rt_sy);                                            \
        RTP_VERTEX(sf, lm, V2.vx, V2.vy, V2.vz, FLAG, rt_div, rt_mac1,         \
                   rt_mac2, rt_mac3, rt_ir1, rt_ir2, rt_ir3, rt_sx, rt_sy,     \
                   rt_sz);                                                     \
        SZ3 = (unsigned short)rt_sz;                                           \
        SX2 = (short)rt_sx;                                                    \
        SY2 = (short)rt_sy;                                                    \
        SXP = (short)rt_sx;                                                    \
        SYP = (short)rt_sy;                                                    \
        (sxy2) = SXY(rt_sx, rt_sy);                                            \
        RTP_STORE_MAC_IR();                                                    \
        RTP_DEPTH(rt_div, FLAG);                                               \
        FLAG_UPDATE_ERROR();                                                   \
    } while (0)

void Psyz_GteRtps(void) {
    unsigned sxy;
    RTPS_BODY(1, 0, sxy);
    (void)sxy;
}

void Psyz_GteRtpt(void) {
    unsigned sxy0, sxy1, sxy2;
    RTPT_BODY(1, 0, sxy0, sxy1, sxy2);
    (void)sxy0, (void)sxy1, (void)sxy2;
}

// Perspective Transformation. cmd25 is the full 25-bit cop2 imm.
static void RTPS(unsigned int cmd25) {
    int sf = CMD_SF(cmd25), lm = CMD_LM(cmd25);
    unsigned sxy;
    if (sf && !lm) {
        Psyz_GteRtps();
        return;
    }
    RTPS_BODY(sf, lm, sxy);
    (void)sxy;
}

static void RTPT(unsigned int cmd25) {
    int sf = CMD_SF(cmd25), lm = CMD_LM(cmd25);
    unsigned sxy0, sxy1, sxy2;
    if (sf && !lm) {
        Psyz_GteRtpt();
        return;
    }
    RTPT_BODY(sf, lm, sxy0, sxy1, sxy2);
    (void)sxy0, (void)sxy1, (void)sxy2;
}

// MAC/IR = m * v + t, flags ORed into FLAG
static inline void mat_vec(int sf, int lm, const short (*m)[3], int vx, int vy,
                           int vz, int t1, int t2, int t3) {
    int m1, m2, m3, low1, low2, low3, ir1, ir2, ir3;
    int ir_lo = lm ? 0 : -0x8000;
    MAC44(m1, low1, t1, MAC_MUL(m[0][0], vx), MAC_MUL(m[0][1], vy),
          MAC_MUL(m[0][2], vz), 0, FLAG);
    MAC44(m2, low2, t2, MAC_MUL(m[1][0], vx), MAC_MUL(m[1][1], vy),
          MAC_MUL(m[1][2], vz), 1, FLAG);
    MAC44(m3, low3, t3, MAC_MUL(m[2][0], vx), MAC_MUL(m[2][1], vy),
          MAC_MUL(m[2][2], vz), 2, FLAG);
    m1 = sf ? m1 : low1;
    m2 = sf ? m2 : low2;
    m3 = sf ? m3 : low3;
    MAC1 = m1;
    MAC2 = m2;
    MAC3 = m3;
    SAT_FLAG(ir1, m1, ir_lo, 0x7FFF, FLAG_IR1_SAT, FLAG);
    SAT_FLAG(ir2, m2, ir_lo, 0x7FFF, FLAG_IR2_SAT, FLAG);
    SAT_FLAG(ir3, m3, ir_lo, 0x7FFF, FLAG_IR3_SAT, FLAG);
    IR1 = (short)ir1;
    IR2 = (short)ir2;
    IR3 = (short)ir3;
}

// MVMVA operand decoding per psx-spx: matrix mx, vector vx, translation cv
static inline void matrix_vec_mul(int sf, int lm, int mx, int vx, int cv) {
    short garbage[3][3];
    const short (*m)[3];
    const int* t;
    static const int no_t[3] = {0, 0, 0};
    int x, y, z;

    switch (mx) {
    case 0:
        m = M.m;
        break;
    case 1:
        m = L1.m;
        break;
    case 2:
        m = L2.m;
        break;
    default: {
        // mx=3 "garbage matrix" per psx-spx:
        // row 0 = (-R<<4, R<<4, IR0), row 1 = RT13 x3, row 2 = RT22 x3
        short r = (short)(((unsigned char*)&RGBC)[0] << 4);
        garbage[0][0] = (short)-r;
        garbage[0][1] = r;
        garbage[0][2] = IR0;
        garbage[1][0] = garbage[1][1] = garbage[1][2] = M.m[0][2];
        garbage[2][0] = garbage[2][1] = garbage[2][2] = M.m[1][1];
        m = garbage;
        break;
    }
    }
    switch (vx) {
    case 0:
        x = V0.vx, y = V0.vy, z = V0.vz;
        break;
    case 1:
        x = V1.vx, y = V1.vy, z = V1.vz;
        break;
    case 2:
        x = V2.vx, y = V2.vy, z = V2.vz;
        break;
    default:
        x = IR1, y = IR2, z = IR3;
        break;
    }
    t = cv == 0 ? M.t : cv == 1 ? L1.t : cv == 2 ? L2.t : no_t;
    if (cv == 2) {
        // FC bug: FC<<12 + M[i][0]*V_x only raises flags, then is discarded
        int hi, low;
        MAC44(hi, low, t[0], MAC_MUL(m[0][0], x), 0, 0, 0, FLAG);
        MAC44(hi, low, t[1], MAC_MUL(m[1][0], x), 0, 0, 1, FLAG);
        MAC44(hi, low, t[2], MAC_MUL(m[2][0], x), 0, 0, 2, FLAG);
        (void)hi, (void)low;
        x = 0;
        t = no_t;
    }
    mat_vec(sf, lm, m, x, y, z, t[0], t[1], t[2]);
}

static inline int far_color_diff(int fc, int in, int shift, int idx) {
    long long v = (long long)fc * 4096 - in;
    int d = (int)(v >> shift);
    if (v >= (1LL << 43)) {
        FLAG |= FLAG_MAC1_OVF_POS >> idx;
    } else if (v < -(1LL << 43)) {
        FLAG |= FLAG_MAC1_OVF_NEG >> idx;
    }
    if (d < -0x8000 || d > 0x7FFF) {
        FLAG |= FLAG_IR1_SAT >> idx;
        return d < 0 ? -0x8000 : 0x7FFF;
    }
    return d;
}

// Depth-cue subroutine: MAC_n = inN + IR0 * sat_s16((FC_n<<12 - inN) >> sf*12),
// shifted right by sf*12. Used by DPCS/DPCT/DCPL/INTPL/NCDS/NCDT/CDP.
//
// Callers pass inN that fits in s32 ((RGB<<4)*IR, IR<<12, or RGB<<16). FC<<12
// is the only 44-bit-capable term; do that one step in s64, then drop back to
// s32 once the diff has been saturated to s16.
#define DEPTH_CUE(sf, lm, inR, inG, inB)                                       \
    do {                                                                       \
        int dc_s = (sf) ? 12 : 0;                                              \
        int dc_r = (inR), dc_g = (inG), dc_b = (inB);                          \
        int dc_dr = far_color_diff(L2.t[0], dc_r, dc_s, 0);                    \
        int dc_dg = far_color_diff(L2.t[1], dc_g, dc_s, 1);                    \
        int dc_db = far_color_diff(L2.t[2], dc_b, dc_s, 2);                    \
        MAC1 = (dc_r + IR0 * dc_dr) >> dc_s;                                   \
        MAC2 = (dc_g + IR0 * dc_dg) >> dc_s;                                   \
        MAC3 = (dc_b + IR0 * dc_db) >> dc_s;                                   \
        IR_SAT(IR1, MAC1, lm, FLAG_IR1_SAT);                                   \
        IR_SAT(IR2, MAC2, lm, FLAG_IR2_SAT);                                   \
        IR_SAT(IR3, MAC3, lm, FLAG_IR3_SAT);                                   \
    } while (0)

// color_apply: MAC = (RGB << 4) * IR  >> sf*12. Used by CC, NCCS/NCCT.
// (RGB byte)<<4 fits in s12; * s16 IR fits in s28 → s32 multiply suffices.
#define COLOR_APPLY(sf, lm)                                                    \
    do {                                                                       \
        int ca_s = (sf) ? 12 : 0;                                              \
        MAC1 = ((((unsigned char*)&RGBC)[0] << 4) * IR1) >> ca_s;              \
        MAC2 = ((((unsigned char*)&RGBC)[1] << 4) * IR2) >> ca_s;              \
        MAC3 = ((((unsigned char*)&RGBC)[2] << 4) * IR3) >> ca_s;              \
        IR_SAT(IR1, MAC1, lm, FLAG_IR1_SAT);                                   \
        IR_SAT(IR2, MAC2, lm, FLAG_IR2_SAT);                                   \
        IR_SAT(IR3, MAC3, lm, FLAG_IR3_SAT);                                   \
    } while (0)

// depth_cue with (RGB<<4)*IR as input. Used by DCPL/NCDS/NCDT/CDP.
// (RGB<<4) is s12, * s16 IR fits in s28 — s32 suffices.
#define DEPTH_CUE_COLOR(sf, lm)                                                \
    DEPTH_CUE(sf, lm, (((unsigned char*)&RGBC)[0] << 4) * IR1,                 \
              (((unsigned char*)&RGBC)[1] << 4) * IR2,                         \
              (((unsigned char*)&RGBC)[2] << 4) * IR3)

// Push the color FIFO: shift RGB0←RGB1, RGB1←RGB2, then RGB2 is a rgb packed
#define COLOR_FIFO_PUSH()                                                      \
    do {                                                                       \
        int cf_r = MAC1 >> 4, cf_g = MAC2 >> 4, cf_b = MAC3 >> 4;              \
        if (cf_r < 0 || cf_r > 0xFF)                                           \
            FLAG |= FLAG_COL_R_SAT;                                            \
        if (cf_g < 0 || cf_g > 0xFF)                                           \
            FLAG |= FLAG_COL_G_SAT;                                            \
        if (cf_b < 0 || cf_b > 0xFF)                                           \
            FLAG |= FLAG_COL_B_SAT;                                            \
        cf_r = CLAMP(cf_r, 0, 0xFF);                                           \
        cf_g = CLAMP(cf_g, 0, 0xFF);                                           \
        cf_b = CLAMP(cf_b, 0, 0xFF);                                           \
        RGB0 = RGB1;                                                           \
        RGB1 = RGB2;                                                           \
        RGB2 = (unsigned)cf_r | ((unsigned)cf_g << 8) |                        \
               ((unsigned)cf_b << 16) | (*(unsigned int*)&RGBC & 0xFF000000u); \
    } while (0)

// Light transform: MAC/IR = L1 * v. Color matrix: MAC/IR = L2 * IR + BK.
#define LIGHT_MATRIX(sf, lm, v)                                                \
    mat_vec(sf, lm, L1.m, (v).vx, (v).vy, (v).vz, 0, 0, 0)
#define COLOR_MATRIX(sf, lm)                                                   \
    mat_vec(sf, lm, L2.m, IR1, IR2, IR3, L1.t[0], L1.t[1], L1.t[2])

// SQR: square IR vector. MAC1..3 = IR1^2..IR3^2 (SAR sf*12), then IR=MAC.
// IR is s16; IR*IR fits in s32 (worst case 0x40000000), so no 44-bit math.
static void SQR(unsigned int cmd25) {
    int sf = (cmd25 >> 19) & 1;
    int lm = (cmd25 >> 10) & 1;
    int shift = sf ? 12 : 0;
    FLAG = 0;
    MAC1 = ((int)IR1 * IR1) >> shift;
    MAC2 = ((int)IR2 * IR2) >> shift;
    MAC3 = ((int)IR3 * IR3) >> shift;
    IR_SAT(IR1, MAC1, lm, FLAG_IR1_SAT);
    IR_SAT(IR2, MAC2, lm, FLAG_IR2_SAT);
    IR_SAT(IR3, MAC3, lm, FLAG_IR3_SAT);
    FLAG_UPDATE_ERROR();
}

// OP: outer product (cross product) of D = (d1, d2, d3) and I = (i1, i2, i3)
// into MAC/IR/FLAG, mN receiving MAC1..3. s16 products keep every MAC in s32.
#define OP_CALC(sf, lm, d1, d2, d3, i1, i2, i3, m1, m2, m3)                    \
    do {                                                                       \
        int op_s = (sf) ? 12 : 0;                                              \
        int op_d1 = (d1), op_d2 = (d2), op_d3 = (d3);                          \
        int op_i1 = (i1), op_i2 = (i2), op_i3 = (i3);                          \
        (m1) = (op_d2 * op_i3 - op_d3 * op_i2) >> op_s;                        \
        (m2) = (op_d3 * op_i1 - op_d1 * op_i3) >> op_s;                        \
        (m3) = (op_d1 * op_i2 - op_d2 * op_i1) >> op_s;                        \
        MAC1 = (m1);                                                           \
        MAC2 = (m2);                                                           \
        MAC3 = (m3);                                                           \
        FLAG = 0;                                                              \
        IR_SAT(IR1, m1, lm, FLAG_IR1_SAT);                                     \
        IR_SAT(IR2, m2, lm, FLAG_IR2_SAT);                                     \
        IR_SAT(IR3, m3, lm, FLAG_IR3_SAT);                                     \
        FLAG_UPDATE_ERROR();                                                   \
    } while (0)

// OP: D = (R11, R22, R33), I = IR
static void OP(unsigned int cmd25) {
    int m1, m2, m3;
    OP_CALC(CMD_SF(cmd25), CMD_LM(cmd25), M.m[0][0], M.m[1][1], M.m[2][2], IR1,
            IR2, IR3, m1, m2, m3);
}

// MVMVA: configurable matrix*vector + cv. Encoding bits 13-18 in cmd25.
static void MVMVA(unsigned int cmd25) {
    int sf = (cmd25 >> 19) & 1;
    int lm = (cmd25 >> 10) & 1;
    int mx = (cmd25 >> 17) & 3;
    int vx = (cmd25 >> 15) & 3;
    int cv = (cmd25 >> 13) & 3;
    FLAG = 0;
    matrix_vec_mul(sf, lm, mx, vx, cv);
    FLAG_UPDATE_ERROR();
}

// NCS-style core: light_transform then color_matrix then push color.
#define NCS_CORE(sf, lm, v)                                                    \
    do {                                                                       \
        LIGHT_MATRIX(sf, lm, v);                                               \
        COLOR_MATRIX(sf, lm);                                                  \
        COLOR_FIFO_PUSH();                                                     \
    } while (0)

// NCCS-style: light_transform + color_matrix + color_apply + push.
#define NCCS_CORE(sf, lm, v)                                                   \
    do {                                                                       \
        LIGHT_MATRIX(sf, lm, v);                                               \
        COLOR_MATRIX(sf, lm);                                                  \
        COLOR_APPLY(sf, lm);                                                   \
        COLOR_FIFO_PUSH();                                                     \
    } while (0)

// NCDS-style: light_transform + color_matrix + depth_cue + push.
#define NCDS_CORE(sf, lm, v)                                                   \
    do {                                                                       \
        LIGHT_MATRIX(sf, lm, v);                                               \
        COLOR_MATRIX(sf, lm);                                                  \
        DEPTH_CUE_COLOR(sf, lm);                                               \
        COLOR_FIFO_PUSH();                                                     \
    } while (0)

static void NCS(unsigned int cmd) {
    int sf = (cmd >> 19) & 1, lm = (cmd >> 10) & 1;
    FLAG = 0;
    NCS_CORE(sf, lm, V0);
    FLAG_UPDATE_ERROR();
}
static void NCT(unsigned int cmd) {
    int sf = (cmd >> 19) & 1, lm = (cmd >> 10) & 1;
    FLAG = 0;
    NCS_CORE(sf, lm, V0);
    NCS_CORE(sf, lm, V1);
    NCS_CORE(sf, lm, V2);
    FLAG_UPDATE_ERROR();
}
static void NCCS(unsigned int cmd) {
    int sf = (cmd >> 19) & 1, lm = (cmd >> 10) & 1;
    FLAG = 0;
    NCCS_CORE(sf, lm, V0);
    FLAG_UPDATE_ERROR();
}
static void NCCT(unsigned int cmd) {
    int sf = (cmd >> 19) & 1, lm = (cmd >> 10) & 1;
    FLAG = 0;
    NCCS_CORE(sf, lm, V0);
    NCCS_CORE(sf, lm, V1);
    NCCS_CORE(sf, lm, V2);
    FLAG_UPDATE_ERROR();
}
static void NCDS(unsigned int cmd) {
    int sf = (cmd >> 19) & 1, lm = (cmd >> 10) & 1;
    FLAG = 0;
    NCDS_CORE(sf, lm, V0);
    FLAG_UPDATE_ERROR();
}
static void NCDT(unsigned int cmd) {
    int sf = (cmd >> 19) & 1, lm = (cmd >> 10) & 1;
    FLAG = 0;
    NCDS_CORE(sf, lm, V0);
    NCDS_CORE(sf, lm, V1);
    NCDS_CORE(sf, lm, V2);
    FLAG_UPDATE_ERROR();
}

// CC: color (no light transform). color_matrix + color_apply + push.
static void CC(unsigned int cmd) {
    int sf = (cmd >> 19) & 1, lm = (cmd >> 10) & 1;
    FLAG = 0;
    COLOR_MATRIX(sf, lm);
    COLOR_APPLY(sf, lm);
    COLOR_FIFO_PUSH();
    FLAG_UPDATE_ERROR();
}

// CDP: color depth cue (no light transform).
static void CDP(unsigned int cmd) {
    int sf = (cmd >> 19) & 1, lm = (cmd >> 10) & 1;
    FLAG = 0;
    COLOR_MATRIX(sf, lm);
    DEPTH_CUE_COLOR(sf, lm);
    COLOR_FIFO_PUSH();
    FLAG_UPDATE_ERROR();
}

// DPCS: depth cue single using RGBC<<16 as input.
static void DPCS(unsigned int cmd) {
    int sf = (cmd >> 19) & 1, lm = (cmd >> 10) & 1;
    FLAG = 0;
    unsigned char* c = (unsigned char*)&RGBC;
    DEPTH_CUE(sf, lm, c[0] << 16, c[1] << 16, c[2] << 16);
    COLOR_FIFO_PUSH();
    FLAG_UPDATE_ERROR();
}

// DPCT: depth cue triple using RGB0<<16 as input (front of color FIFO).
static void DPCT(unsigned int cmd) {
    int sf = (cmd >> 19) & 1, lm = (cmd >> 10) & 1;
    FLAG = 0;
    for (int i = 0; i < 3; i++) {
        int r = RGB0 & 0xFF;
        int g = (RGB0 >> 8) & 0xFF;
        int b = (RGB0 >> 16) & 0xFF;
        DEPTH_CUE(sf, lm, r << 16, g << 16, b << 16);
        COLOR_FIFO_PUSH();
    }
    FLAG_UPDATE_ERROR();
}

// DCPL: depth cue with pre-computed light (RGB<<4)*IR as input.
static void DCPL(unsigned int cmd) {
    int sf = (cmd >> 19) & 1, lm = (cmd >> 10) & 1;
    FLAG = 0;
    DEPTH_CUE_COLOR(sf, lm);
    COLOR_FIFO_PUSH();
    FLAG_UPDATE_ERROR();
}

// INTPL: interpolate IR toward FC using IR0. IR<<12 fits in s28 → s32 ok.
static void INTPL(unsigned int cmd) {
    int sf = (cmd >> 19) & 1, lm = (cmd >> 10) & 1;
    FLAG = 0;
    DEPTH_CUE(sf, lm, IR1 * 4096, IR2 * 4096, IR3 * 4096);
    COLOR_FIFO_PUSH();
    FLAG_UPDATE_ERROR();
}

// GPF: general purpose interpolation (IR0 * IR -> MAC/IR, push color).
// MACn = (IR0 * IRn) SAR sf*12; IRn saturates; push color FIFO using MAC1..3.
// IR0 and IRn are s16 → s32 product (max 0x40000000), no 44-bit math.
static void GPF(unsigned int cmd25) {
    int sf = (cmd25 >> 19) & 1;
    int lm = (cmd25 >> 10) & 1;
    int shift = sf ? 12 : 0;
    FLAG = 0;
    MAC1 = ((int)IR0 * IR1) >> shift;
    MAC2 = ((int)IR0 * IR2) >> shift;
    MAC3 = ((int)IR0 * IR3) >> shift;
    IR_SAT(IR1, MAC1, lm, FLAG_IR1_SAT);
    IR_SAT(IR2, MAC2, lm, FLAG_IR2_SAT);
    IR_SAT(IR3, MAC3, lm, FLAG_IR3_SAT);
    COLOR_FIFO_PUSH();
    FLAG_UPDATE_ERROR();
}

// GPL: general purpose interpolation with base (MAC + IR0 * IR -> MAC/IR).
// MACn = (MACn SHL sf*12 + IR0 * IRn) SAR sf*12; IRn saturates; push color.
static void GPL(unsigned int cmd25) {
    int sf = (cmd25 >> 19) & 1;
    int lm = (cmd25 >> 10) & 1;
    int m1, m2, m3, low1, low2, low3;
    FLAG = 0;
    if (sf) {
        MAC44(m1, low1, MAC1, MAC_MUL(IR0, IR1), 0, 0, 0, FLAG);
        MAC44(m2, low2, MAC2, MAC_MUL(IR0, IR2), 0, 0, 1, FLAG);
        MAC44(m3, low3, MAC3, MAC_MUL(IR0, IR3), 0, 0, 2, FLAG);
    } else {
        MAC44(m1, low1, 0, MAC1, MAC_MUL(IR0, IR1), 0, 0, FLAG);
        MAC44(m2, low2, 0, MAC2, MAC_MUL(IR0, IR2), 0, 1, FLAG);
        MAC44(m3, low3, 0, MAC3, MAC_MUL(IR0, IR3), 0, 2, FLAG);
    }
    MAC1 = sf ? m1 : low1;
    MAC2 = sf ? m2 : low2;
    MAC3 = sf ? m3 : low3;
    IR_SAT(IR1, MAC1, lm, FLAG_IR1_SAT);
    IR_SAT(IR2, MAC2, lm, FLAG_IR2_SAT);
    IR_SAT(IR3, MAC3, lm, FLAG_IR3_SAT);
    COLOR_FIFO_PUSH();
    FLAG_UPDATE_ERROR();
}

// Normal clipping. MAC0 = SX0*(SY1-SY2) + SX1*(SY2-SY0) + SX2*(SY0-SY1).
#define NCLIP()                                                                \
    do {                                                                       \
        int nclip_m;                                                           \
        FLAG = 0;                                                              \
        NCLIP_CALC(nclip_m, SX0, SY0, SX1, SY1, SX2, SY2, FLAG);               \
        MAC0 = nclip_m;                                                        \
        FLAG_UPDATE_ERROR();                                                   \
    } while (0)

// Average of three Z values
static void AVSZ3() {
    FLAG = 0;
    MAC0 = ZSF3 * (SZ1 + SZ2 + SZ3);
    int otz = MAC0 >> 12;
    if (otz < 0 || otz > 0xFFFF) {
        FLAG |= FLAG_SZ3_OTZ_SAT;
    }
    OTZ = (unsigned short)(CLAMP(otz, 0, 0xFFFF));
    FLAG_UPDATE_ERROR();
}

// Average of four Z values
static void AVSZ4() {
    FLAG = 0;
    MAC0 = ZSF4 * (SZ0 + SZ1 + SZ2 + SZ3);
    int otz = MAC0 >> 12;
    if (otz < 0 || otz > 0xFFFF) {
        FLAG |= FLAG_SZ3_OTZ_SAT;
    }
    OTZ = (unsigned short)(CLAMP(otz, 0, 0xFFFF));
    FLAG_UPDATE_ERROR();
}

long AverageZ3(long sz0, long sz1, long sz2) {
    SZ1 = sz0;
    SZ2 = sz1;
    SZ3 = sz2;
    AVSZ3();
    return MAC0 >> 12;
}

long AverageZ4(long sz0, long sz1, long sz2, long sz3) {
    SZ0 = sz0;
    SZ1 = sz1;
    SZ2 = sz2;
    SZ3 = sz3;
    AVSZ4();
    return MAC0 >> 12;
}

// OP with R11..R33 = v0 and IR = v1: the rotation matrix comes out unchanged
#define OUTER_PRODUCT(v0, v1, v2, cmd25)                                       \
    do {                                                                       \
        int op_m1, op_m2, op_m3;                                               \
        OP_CALC(CMD_SF(cmd25), CMD_LM(cmd25), (short)(v0)->vx,                 \
                (short)(v0)->vy, (short)(v0)->vz, (short)(v1)->vx,             \
                (short)(v1)->vy, (short)(v1)->vz, op_m1, op_m2, op_m3);        \
        (v2)->vx = op_m1;                                                      \
        (v2)->vy = op_m2;                                                      \
        (v2)->vz = op_m3;                                                      \
    } while (0)

VECTOR* OuterProduct0(VECTOR* v0, VECTOR* v1, VECTOR* v2) {
    OUTER_PRODUCT(v0, v1, v2, 0x170000C);
    return v2;
}

VECTOR* OuterProduct12(VECTOR* v0, VECTOR* v1, VECTOR* v2) {
    OUTER_PRODUCT(v0, v1, v2, 0x178000C);
    return v2;
}

void Psyz_GteStsxy(unsigned int* out) { *out = pack_xy(SXP, SYP); }

void Psyz_GteStsxy3(
    unsigned int* out0, unsigned int* out1, unsigned int* out2) {
    *out0 = pack_xy(SX0, SY0);
    *out1 = pack_xy(SX1, SY1);
    *out2 = pack_xy(SX2, SY2);
}

void Psyz_GteStsxy01c(unsigned int* out) {
    out[0] = pack_xy(SX0, SY0);
    out[1] = pack_xy(SX1, SY1);
}

void Psyz_GteStsxy3Gt3(void* polyGte) {
    POLY_GT3* poly = (POLY_GT3*)polyGte;
    poly->x0 = SX0;
    poly->y0 = SY0;
    poly->x1 = SX1;
    poly->y1 = SY1;
    poly->x2 = SX2;
    poly->y2 = SY2;
}

void Psyz_GteAvsz3(void) { AVSZ3(); }
void Psyz_GteAvsz4(void) { AVSZ4(); }
void Psyz_GteDpcs(void) { DPCS(0x0780010); }
void Psyz_GteNccs(void) { NCCS(0x108041B); }
void Psyz_GteLcir(void) {
    int sf = CMD_SF(0x04DE012), lm = CMD_LM(0x04DE012);
    FLAG = 0;
    mat_vec(sf, lm, L2.m, IR1, IR2, IR3, 0, 0, 0);
    FLAG_UPDATE_ERROR();
}
void Psyz_GteNclip(void) { NCLIP(); }
void Psyz_GteRt(void) {
    FLAG = 0;
    mat_vec(1, 0, M.m, V0.vx, V0.vy, V0.vz, M.t[0], M.t[1], M.t[2]);
    FLAG_UPDATE_ERROR();
}
void Psyz_GteStlvnl(VECTOR* out) {
    out->vx = MAC1;
    out->vy = MAC2;
    out->vz = MAC3;
}

void Psyz_GteRtir(void) {
    FLAG = 0;
    mat_vec(1, 0, M.m, IR1, IR2, IR3, 0, 0, 0);
    FLAG_UPDATE_ERROR();
}

void Psyz_GteLdlv0(VECTOR* v) {
    V0.vx = (short)v->vx;
    V0.vy = (short)v->vy;
    V0.vz = (short)v->vz;
}

void Psyz_GteStlvl(VECTOR* out) {
    out->vx = IR1;
    out->vy = IR2;
    out->vz = IR3;
}

// each word lands on a control register pair, so the high half spills over
void Psyz_GteLdopv1(VECTOR* v) {
    M.m[0][0] = (short)v->vx;
    M.m[0][1] = (short)(v->vx >> 16);
    M.m[1][1] = (short)v->vy;
    M.m[1][2] = (short)(v->vy >> 16);
    M.m[2][2] = (short)v->vz;
}

void Psyz_GteLdopv2(VECTOR* v) {
    IR1 = (short)v->vx;
    IR2 = (short)v->vy;
    IR3 = (short)v->vz;
}

void Psyz_GteOp12(void) { OP(0x178000C); }

int Psyz_GteReadflg(void) { return (int)FLAG; }
int Psyz_GteReadIr3(void) { return (int)IR3; }
void Psyz_GteStsxy3G3(void* polyGte) {
    POLY_G3* poly = (POLY_G3*)polyGte;
    poly->x0 = SX0;
    poly->y0 = SY0;
    poly->x1 = SX1;
    poly->y1 = SY1;
    poly->x2 = SX2;
    poly->y2 = SY2;
}

void Psyz_GteLdv0(SVECTOR* v) {
    V0.vx = v->vx;
    V0.vy = v->vy;
    V0.vz = v->vz;
}

void Psyz_GteLdv3(SVECTOR* v0, SVECTOR* v1, SVECTOR* v2) {
    V0.vx = v0->vx;
    V0.vy = v0->vy;
    V0.vz = v0->vz;
    V1.vx = v1->vx;
    V1.vy = v1->vy;
    V1.vz = v1->vz;
    V2.vx = v2->vx;
    V2.vy = v2->vy;
    V2.vz = v2->vz;
}

void Psyz_GteLdv01c(SVECTOR* v) {
    V0.vx = v[0].vx;
    V0.vy = v[0].vy;
    V0.vz = v[0].vz;
    V1.vx = v[1].vx;
    V1.vy = v[1].vy;
    V1.vz = v[1].vz;
}

void Psyz_GteLdv3c(SVECTOR* v) {
    V0.vx = v[0].vx;
    V0.vy = v[0].vy;
    V0.vz = v[0].vz;
    V1.vx = v[1].vx;
    V1.vy = v[1].vy;
    V1.vz = v[1].vz;
    V2.vx = v[2].vx;
    V2.vy = v[2].vy;
    V2.vz = v[2].vz;
}

void Psyz_GteStszotz(unsigned int* out) {
    *out = (unsigned int)((int)SZ3 >> 2);
}
void Psyz_GteStotz(unsigned int* out) { *out = OTZ; }
void Psyz_GteStopz(int* out) { *out = MAC0; }
void Psyz_GteRtv0(void) { MVMVA(0x0486012); }
void Psyz_GteRtv1(void) { MVMVA(0x048E012); }
void Psyz_GteRtv2(void) { MVMVA(0x0496012); }
void Psyz_GteStsz(unsigned int* out) { *out = SZ3; }
void Psyz_GteStsz3(unsigned int* out0, unsigned int* out1, unsigned int* out2) {
    *out0 = SZ1;
    *out1 = SZ2;
    *out2 = SZ3;
}
void Psyz_GteStsz4(unsigned int* out0, unsigned int* out1, unsigned int* out2,
                   unsigned int* out3) {
    *out0 = SZ0;
    *out1 = SZ1;
    *out2 = SZ2;
    *out3 = SZ3;
}
void Psyz_GteStsz3c(unsigned int* out) {
    out[0] = SZ1;
    out[1] = SZ2;
    out[2] = SZ3;
}
void Psyz_GteStsz4c(unsigned int* out) {
    out[0] = SZ0;
    out[1] = SZ1;
    out[2] = SZ2;
    out[3] = SZ3;
}

long NormalClip(long sxy0, long sxy1, long sxy2) {
    // TODO can this be simplified with an union?
    SX0 = (short)sxy0;
    SY0 = (short)(sxy0 >> 16);
    SX1 = (short)sxy1;
    SY1 = (short)(sxy1 >> 16);
    SX2 = (short)sxy2;
    SY2 = (short)(sxy2 >> 16);
    NCLIP();
    return MAC0;
}

void NormalColorCol(SVECTOR* v0, CVECTOR* v1, CVECTOR* v2) {
    int sf = CMD_SF(0x1B04084B), lm = CMD_LM(0x1B04084B);
    Psyz_GteLdRgb(v1);
    FLAG = 0;
    LIGHT_MATRIX(sf, lm, *v0);
    COLOR_MATRIX(sf, lm);
    COLOR_APPLY(sf, lm);
    COLOR_FIFO_PUSH();
    FLAG_UPDATE_ERROR();
    V0 = *v0;
    Psyz_GteStRgb(v2);
}

void NormalColorDpq(SVECTOR* v0, CVECTOR* v1, long p, CVECTOR* v2) {
    int sf = CMD_SF(0x1304E84A), lm = CMD_LM(0x1304E84A);
    Psyz_GteLdRgb(v1);
    IR0 = (short)p;
    FLAG = 0;
    LIGHT_MATRIX(sf, lm, *v0);
    COLOR_MATRIX(sf, lm);
    DEPTH_CUE_COLOR(sf, lm);
    COLOR_FIFO_PUSH();
    FLAG_UPDATE_ERROR();
    V0 = *v0;
    Psyz_GteStRgb(v2);
}

void DpqColor(CVECTOR* v0, long p, CVECTOR* v1) {
    Psyz_GteLdRgb(v0);
    IR0 = (short)p;
    DPCS(0x1000784A);
    Psyz_GteStRgb(v1);
}

void RotTrans(SVECTOR* v0, VECTOR* v1, int* flag) {
    V0 = *v0;
    FLAG = 0;
    mat_vec(1, 0, M.m, V0.vx, V0.vy, V0.vz, M.t[0], M.t[1], M.t[2]);
    FLAG_UPDATE_ERROR();
    v1->vx = MAC1;
    v1->vy = MAC2;
    v1->vz = MAC3;
    *flag = (int)FLAG;
}

void ApplyMatrix(MATRIX* m, SVECTOR* v0, VECTOR* v1) {
    // TODO unoptimized for 32-bit targets
    v1->vx = ((long long)m->m[0][0] * v0->vx + (long long)m->m[0][1] * v0->vy +
              (long long)m->m[0][2] * v0->vz) >>
             12;
    v1->vy = ((long long)m->m[1][0] * v0->vx + (long long)m->m[1][1] * v0->vy +
              (long long)m->m[1][2] * v0->vz) >>
             12;
    v1->vz = ((long long)m->m[2][0] * v0->vx + (long long)m->m[2][1] * v0->vy +
              (long long)m->m[2][2] * v0->vz) >>
             12;
}

void ApplyRotMatrix(SVECTOR* v0, VECTOR* v1) { ApplyMatrix(&M, v0, v1); }

// The wrappers finish every GTE step before writing through their pointers:
// a store through an argument could alias the registers and force reloads.

long RotTransPers(SVECTOR* v0, int* sxy, int* p, int* flag) {
    unsigned s, fl;
    int ir0;
    long z;
    V0 = *v0;
    RTPS_BODY(1, 0, s);
    fl = FLAG;
    ir0 = IR0;
    z = SZ3 >> 2;
    *(unsigned int*)sxy = s;
    *p = ir0;
    *flag = (int)fl;
    return z;
}

long RotTransPers3(SVECTOR* v0, SVECTOR* v1, SVECTOR* v2, int* sxy0, int* sxy1,
                   int* sxy2, int* p, int* flag) {
    unsigned s0, s1, s2, fl;
    int ir0;
    long z;
    V0 = *v0;
    V1 = *v1;
    V2 = *v2;
    RTPT_BODY(1, 0, s0, s1, s2);
    fl = FLAG;
    ir0 = IR0;
    z = SZ3 >> 2;
    *(unsigned int*)sxy0 = s0;
    *(unsigned int*)sxy1 = s1;
    *(unsigned int*)sxy2 = s2;
    *p = ir0;
    *flag = (int)fl;
    return z;
}

long RotTransPers4(
    SVECTOR* v0, SVECTOR* v1, SVECTOR* v2, SVECTOR* v3, int* sxy0, int* sxy1,
    int* sxy2, int* sxy3, int* p, int* flag) {
    int flag1, flag2;
    RotTransPers3(v0, v1, v2, sxy0, sxy1, sxy2, p, &flag1);
    RotTransPers(v3, sxy3, p, &flag2);
    *flag = flag1 | flag2;
    return SZ3 >> 2;
}

long RotAverage3(SVECTOR* v0, SVECTOR* v1, SVECTOR* v2, int* sxy0, int* sxy1,
                 int* sxy2, int* p, int* flag) {
    unsigned s0, s1, s2, fl;
    int ir0;
    long otz;
    V0 = *v0;
    V1 = *v1;
    V2 = *v2;
    RTPT_BODY(1, 0, s0, s1, s2);
    fl = FLAG;
    ir0 = IR0;
    AVSZ3();
    otz = OTZ;
    *(unsigned int*)sxy0 = s0;
    *(unsigned int*)sxy1 = s1;
    *(unsigned int*)sxy2 = s2;
    *flag = (int)fl;
    *p = ir0;
    return otz;
}

long RotAverage4(SVECTOR* v0, SVECTOR* v1, SVECTOR* v2, SVECTOR* v3, int* sxy0,
                 int* sxy1, int* sxy2, int* sxy3, int* p, int* flag) {
    unsigned s0, s1, s2, s3, fl1, fl2;
    int ir0;
    long otz;
    V0 = *v0;
    V1 = *v1;
    V2 = *v2;
    RTPT_BODY(1, 0, s0, s1, s2);
    fl1 = FLAG;
    V0 = *v3;
    RTPS_BODY(1, 0, s3);
    fl2 = FLAG;
    ir0 = IR0;
    AVSZ4();
    otz = OTZ;
    *(unsigned int*)sxy0 = s0;
    *(unsigned int*)sxy1 = s1;
    *(unsigned int*)sxy2 = s2;
    *(unsigned int*)sxy3 = s3;
    *p = ir0;
    *flag = (int)(fl1 | fl2);
    return otz;
}

long RotAverageNclip3(SVECTOR* v0, SVECTOR* v1, SVECTOR* v2, int* sxy0,
                      int* sxy1, int* sxy2, int* p, int* otz, int* flag) {
    unsigned s0, s1, s2, fl;
    V0 = *v0;
    V1 = *v1;
    V2 = *v2;
    RTPT_BODY(1, 0, s0, s1, s2);
    fl = FLAG;
    NCLIP();
    if (MAC0 > 0) {
        int ir0 = IR0;
        AVSZ3();
        *flag = (int)fl;
        *(unsigned int*)sxy0 = s0;
        *(unsigned int*)sxy1 = s1;
        *(unsigned int*)sxy2 = s2;
        *p = ir0;
        *otz = OTZ;
        return MAC0;
    }
    *flag = (int)fl;
    return MAC0;
}

long RotAverageNclip4(
    SVECTOR* v0, SVECTOR* v1, SVECTOR* v2, SVECTOR* v3, int* sxy0, int* sxy1,
    int* sxy2, int* sxy3, int* p, int* otz, int* flag) {
    unsigned s0, s1, s2, s3, fl1, fl2;
    V0 = *v0;
    V1 = *v1;
    V2 = *v2;
    RTPT_BODY(1, 0, s0, s1, s2);
    fl1 = FLAG;
    NCLIP();
    if (MAC0 > 0) {
        int ir0;
        V0 = *v3;
        RTPS_BODY(1, 0, s3);
        fl2 = FLAG;
        ir0 = IR0;
        AVSZ4();
        *(unsigned int*)sxy0 = s0;
        *(unsigned int*)sxy1 = s1;
        *(unsigned int*)sxy2 = s2;
        *(unsigned int*)sxy3 = s3;
        *p = ir0;
        *flag = (int)(fl1 | fl2);
        *otz = OTZ;
        return MAC0;
    }
    *flag = (int)fl1;
    return MAC0;
}

extern short s_rsqrt_table[];

static long vector_normal(short x, short y, short z, int out[3]) {
    int sq = (int)((unsigned)(x * x) + (unsigned)(y * y) + (unsigned)(z * z));
    unsigned u = sq < 0 ? ~(unsigned)sq : (unsigned)sq;
#if defined(__GNUC__) || defined(__clang__)
    int lz = u ? __builtin_clz(u) : 32;
#elif defined(_MSC_VER)
    unsigned long bit;
    int lz = _BitScanReverse(&bit, u) ? 31 - (int)bit : 32;
#else
    int lz = 0;
    while (lz < 32 && !(u & 0x80000000u)) {
        u <<= 1;
        lz++;
    }
#endif
    int idx, f;
    lz &= ~1;
    idx = (lz >= 24 ? sq << (lz - 24) : sq >> (24 - lz)) - 0x40;
    f = idx >= 0 && idx < 192 ? s_rsqrt_table[idx] : 0;
    lz = ((31 - lz) >> 1) & 31;
    out[0] = (x * f) >> lz;
    out[1] = (y * f) >> lz;
    out[2] = (z * f) >> lz;
    return sq;
}

void VectorNormal(VECTOR* v0, VECTOR* v1) {
    int out[3];
    vector_normal((short)v0->vx, (short)v0->vy, (short)v0->vz, out);
    v1->vx = out[0];
    v1->vy = out[1];
    v1->vz = out[2];
}

long VectorNormalS(VECTOR* v0, SVECTOR* v1) {
    int out[3];
    long sq = vector_normal((short)v0->vx, (short)v0->vy, (short)v0->vz, out);
    v1->vx = (short)out[0];
    v1->vy = (short)out[1];
    v1->vz = (short)out[2];
    return sq;
}

long VectorNormalSS(SVECTOR* v0, SVECTOR* v1) {
    int out[3];
    long sq = vector_normal(v0->vx, v0->vy, v0->vz, out);
    v1->vx = (short)out[0];
    v1->vy = (short)out[1];
    v1->vz = (short)out[2];
    return sq;
}

MATRIX* TransposeMatrix(MATRIX* m0, MATRIX* m1) {
    short t01 = m0->m[0][1], t02 = m0->m[0][2], t12 = m0->m[1][2];
    m1->m[0][0] = m0->m[0][0];
    m1->m[1][1] = m0->m[1][1];
    m1->m[2][2] = m0->m[2][2];
    m1->m[0][1] = m0->m[1][0];
    m1->m[1][0] = t01;
    m1->m[0][2] = m0->m[2][0];
    m1->m[2][0] = t02;
    m1->m[1][2] = m0->m[2][1];
    m1->m[2][1] = t12;
    return m1;
}

// External-emulator COP2/GTE bridge.
//
// Maps the canonical PSX GTE register file (data regs cop2.dataN, control regs
// cop2.ctrlN, and 25-bit COP2 commands) onto Psy-Z's internal high-level state.
// Intended for emulators integration: the emulator must catch the opcodes
// MTC2/CTC2/MFC2/CFC2/LWC2/SWC2 forwards them here.
//
// Register indices and naming follow
// https://psx-spx.consoledev.net/geometrytransformationenginegte/

static unsigned int pack_xy(short x, short y) {
    return ((unsigned int)(u16)x) | (((unsigned int)(u16)y) << 16);
}
static void unpack_xy(unsigned int v, short* x, short* y) {
    *x = (short)(v & 0xFFFF);
    *y = (short)((v >> 16) & 0xFFFF);
}

unsigned int Psyz_GteDataRead(unsigned idx) {
    switch (idx) {
    case 0:
        return ((unsigned int)(u16)V0.vx) | (((unsigned int)(u16)V0.vy) << 16);
    case 1:
        return (unsigned int)(int)V0.vz;
    case 2:
        return ((unsigned int)(u16)V1.vx) | (((unsigned int)(u16)V1.vy) << 16);
    case 3:
        return (unsigned int)(int)V1.vz;
    case 4:
        return ((unsigned int)(u16)V2.vx) | (((unsigned int)(u16)V2.vy) << 16);
    case 5:
        return (unsigned int)(int)V2.vz;
    case 6:
        return *(unsigned int*)&RGBC;
    case 7:
        return (unsigned int)OTZ;
    case 8:
        return (unsigned int)(int)IR0;
    case 9:
        return (unsigned int)(int)IR1;
    case 10:
        return (unsigned int)(int)IR2;
    case 11:
        return (unsigned int)(int)IR3;
    case 12:
        return pack_xy(SX0, SY0);
    case 13:
        return pack_xy(SX1, SY1);
    case 14:
        return pack_xy(SX2, SY2);
    case 15:
        return pack_xy(SXP, SYP);
    case 16:
        return (unsigned int)SZ0;
    case 17:
        return (unsigned int)SZ1;
    case 18:
        return (unsigned int)SZ2;
    case 19:
        return (unsigned int)SZ3;
    case 20:
        return RGB0;
    case 21:
        return RGB1;
    case 22:
        return RGB2;
    case 23:
        return RES1;
    case 24:
        return (unsigned int)MAC0;
    case 25:
        return (unsigned int)MAC1;
    case 26:
        return (unsigned int)MAC2;
    case 27:
        return (unsigned int)MAC3;
    default:
        return 0;
    }
}

void Psyz_GteDataWrite(unsigned idx, unsigned int v) {
    switch (idx) {
    case 0:
        V0.vx = (short)(v & 0xFFFF);
        V0.vy = (short)((v >> 16) & 0xFFFF);
        break;
    case 1:
        V0.vz = (short)(v & 0xFFFF);
        break;
    case 2:
        V1.vx = (short)(v & 0xFFFF);
        V1.vy = (short)((v >> 16) & 0xFFFF);
        break;
    case 3:
        V1.vz = (short)(v & 0xFFFF);
        break;
    case 4:
        V2.vx = (short)(v & 0xFFFF);
        V2.vy = (short)((v >> 16) & 0xFFFF);
        break;
    case 5:
        V2.vz = (short)(v & 0xFFFF);
        break;
    case 6:
        *(unsigned int*)&RGBC = v;
        break;
    case 7:
        OTZ = (u16)(v & 0xFFFF);
        break;
    case 8:
        IR0 = (short)(v & 0xFFFF);
        break;
    case 9:
        IR1 = (short)(v & 0xFFFF);
        break;
    case 10:
        IR2 = (short)(v & 0xFFFF);
        break;
    case 11:
        IR3 = (short)(v & 0xFFFF);
        break;
    case 12:
        unpack_xy(v, &SX0, &SY0);
        break;
    case 13:
        unpack_xy(v, &SX1, &SY1);
        break;
    case 14:
        unpack_xy(v, &SX2, &SY2);
        break;
    case 15:
        unpack_xy(v, &SXP, &SYP);
        break;
    case 16:
        SZ0 = (u16)(v & 0xFFFF);
        break;
    case 17:
        SZ1 = (u16)(v & 0xFFFF);
        break;
    case 18:
        SZ2 = (u16)(v & 0xFFFF);
        break;
    case 19:
        SZ3 = (u16)(v & 0xFFFF);
        break;
    case 20:
        RGB0 = v;
        break;
    case 21:
        RGB1 = v;
        break;
    case 22:
        RGB2 = v;
        break;
    case 23:
        RES1 = v;
        break;
    case 24:
        MAC0 = (int)v;
        break;
    case 25:
        MAC1 = (int)v;
        break;
    case 26:
        MAC2 = (int)v;
        break;
    case 27:
        MAC3 = (int)v;
        break;
    default:
        break;
    }
}

unsigned int Psyz_GteCtrlRead(unsigned idx) {
    switch (idx) {
    case 0:
        return ((unsigned int)(u16)M.m[0][0]) |
               (((unsigned int)(u16)M.m[0][1]) << 16);
    case 1:
        return ((unsigned int)(u16)M.m[0][2]) |
               (((unsigned int)(u16)M.m[1][0]) << 16);
    case 2:
        return ((unsigned int)(u16)M.m[1][1]) |
               (((unsigned int)(u16)M.m[1][2]) << 16);
    case 3:
        return ((unsigned int)(u16)M.m[2][0]) |
               (((unsigned int)(u16)M.m[2][1]) << 16);
    case 4:
        return (unsigned int)(int)M.m[2][2];
    case 5:
        return (unsigned int)M.t[0];
    case 6:
        return (unsigned int)M.t[1];
    case 7:
        return (unsigned int)M.t[2];
    case 8:
        return ((unsigned int)(u16)L1.m[0][0]) |
               (((unsigned int)(u16)L1.m[0][1]) << 16);
    case 9:
        return ((unsigned int)(u16)L1.m[0][2]) |
               (((unsigned int)(u16)L1.m[1][0]) << 16);
    case 10:
        return ((unsigned int)(u16)L1.m[1][1]) |
               (((unsigned int)(u16)L1.m[1][2]) << 16);
    case 11:
        return ((unsigned int)(u16)L1.m[2][0]) |
               (((unsigned int)(u16)L1.m[2][1]) << 16);
    case 12:
        return (unsigned int)(int)L1.m[2][2];
    case 13:
        return (unsigned int)L1.t[0];
    case 14:
        return (unsigned int)L1.t[1];
    case 15:
        return (unsigned int)L1.t[2];
    case 16:
        return ((unsigned int)(u16)L2.m[0][0]) |
               (((unsigned int)(u16)L2.m[0][1]) << 16);
    case 17:
        return ((unsigned int)(u16)L2.m[0][2]) |
               (((unsigned int)(u16)L2.m[1][0]) << 16);
    case 18:
        return ((unsigned int)(u16)L2.m[1][1]) |
               (((unsigned int)(u16)L2.m[1][2]) << 16);
    case 19:
        return ((unsigned int)(u16)L2.m[2][0]) |
               (((unsigned int)(u16)L2.m[2][1]) << 16);
    case 20:
        return (unsigned int)(int)L2.m[2][2];
    case 21:
        return (unsigned int)L2.t[0];
    case 22:
        return (unsigned int)L2.t[1];
    case 23:
        return (unsigned int)L2.t[2];
    case 24:
        return (unsigned int)OFX << 16;
    case 25:
        return (unsigned int)OFY << 16;
    case 26:
        return (unsigned int)H;
    case 27:
        return (unsigned int)(int)DQA;
    case 28:
        return (unsigned int)DQB;
    case 29:
        return (unsigned int)(int)ZSF3;
    case 30:
        return (unsigned int)(int)ZSF4;
    case 31:
        return FLAG;
    default:
        return 0;
    }
}

void Psyz_GteCtrlWrite(unsigned idx, unsigned int v) {
    switch (idx) {
    case 0:
        M.m[0][0] = (short)(v & 0xFFFF);
        M.m[0][1] = (short)((v >> 16) & 0xFFFF);
        break;
    case 1:
        M.m[0][2] = (short)(v & 0xFFFF);
        M.m[1][0] = (short)((v >> 16) & 0xFFFF);
        break;
    case 2:
        M.m[1][1] = (short)(v & 0xFFFF);
        M.m[1][2] = (short)((v >> 16) & 0xFFFF);
        break;
    case 3:
        M.m[2][0] = (short)(v & 0xFFFF);
        M.m[2][1] = (short)((v >> 16) & 0xFFFF);
        break;
    case 4:
        M.m[2][2] = (short)(v & 0xFFFF);
        break;
    case 5:
        M.t[0] = (int)v;
        break;
    case 6:
        M.t[1] = (int)v;
        break;
    case 7:
        M.t[2] = (int)v;
        break;
    case 8:
        L1.m[0][0] = (short)(v & 0xFFFF);
        L1.m[0][1] = (short)((v >> 16) & 0xFFFF);
        break;
    case 9:
        L1.m[0][2] = (short)(v & 0xFFFF);
        L1.m[1][0] = (short)((v >> 16) & 0xFFFF);
        break;
    case 10:
        L1.m[1][1] = (short)(v & 0xFFFF);
        L1.m[1][2] = (short)((v >> 16) & 0xFFFF);
        break;
    case 11:
        L1.m[2][0] = (short)(v & 0xFFFF);
        L1.m[2][1] = (short)((v >> 16) & 0xFFFF);
        break;
    case 12:
        L1.m[2][2] = (short)(v & 0xFFFF);
        break;
    case 13:
        L1.t[0] = (int)v;
        break;
    case 14:
        L1.t[1] = (int)v;
        break;
    case 15:
        L1.t[2] = (int)v;
        break;
    case 16:
        L2.m[0][0] = (short)(v & 0xFFFF);
        L2.m[0][1] = (short)((v >> 16) & 0xFFFF);
        break;
    case 17:
        L2.m[0][2] = (short)(v & 0xFFFF);
        L2.m[1][0] = (short)((v >> 16) & 0xFFFF);
        break;
    case 18:
        L2.m[1][1] = (short)(v & 0xFFFF);
        L2.m[1][2] = (short)((v >> 16) & 0xFFFF);
        break;
    case 19:
        L2.m[2][0] = (short)(v & 0xFFFF);
        L2.m[2][1] = (short)((v >> 16) & 0xFFFF);
        break;
    case 20:
        L2.m[2][2] = (short)(v & 0xFFFF);
        break;
    case 21:
        L2.t[0] = (int)v;
        break;
    case 22:
        L2.t[1] = (int)v;
        break;
    case 23:
        L2.t[2] = (int)v;
        break;
    // OFX/OFY are 20.12 fixed-point on the real GTE (PSY-Q's SetGeomOffset
    // writes `pixels << 16` into the ctrl reg). Psy-Z's RTPS math stores
    // them as integer pixels (it later does `OFX << 16` to align to 16.16),
    // so convert on the way in. Use arithmetic shift to keep sign.
    case 24:
        OFX = (int)v >> 16;
        break;
    case 25:
        OFY = (int)v >> 16;
        break;
    case 26:
        H = (u16)(v & 0xFFFF);
        break;
    case 27:
        DQA = (short)(v & 0xFFFF);
        break;
    case 28:
        DQB = (int)v;
        break;
    case 29:
        ZSF3 = (short)(v & 0xFFFF);
        break;
    case 30:
        ZSF4 = (short)(v & 0xFFFF);
        break;
    case 31:
        FLAG = v;
        break;
    default:
        break;
    }
}

static void NCLIP_cmd(unsigned int cmd) { NCLIP(); }
static void AVSZ3_cmd(unsigned int cmd) { AVSZ3(); }
static void AVSZ4_cmd(unsigned int cmd) { AVSZ4(); }
static void NOOP(unsigned int cmd) { (void)cmd; }

// 0x00 mirrors 0x01, verified on hardware. Undocumented on psx-spx.
// 0x1A mirrors 0x29, verified on hardware. Also undocumented on psx-spx.
static void (*const gte_ops[64])(unsigned int cmd) = {
    RTPS, RTPS,  NOOP,  NOOP, NOOP, NOOP,      NCLIP_cmd, NOOP, // 00-07
    NOOP, NOOP,  NOOP,  NOOP, OP,   NOOP,      NOOP,      NOOP, // 08-0F
    DPCS, INTPL, MVMVA, NCDS, CDP,  NOOP,      NCDT,      NOOP, // 10-17
    NOOP, NOOP,  DCPL,  NCCS, CC,   NOOP,      NCS,       NOOP, // 18-1F
    NCT,  NOOP,  NOOP,  NOOP, NOOP, NOOP,      NOOP,      NOOP, // 20-27
    SQR,  DCPL,  DPCT,  NOOP, NOOP, AVSZ3_cmd, AVSZ4_cmd, NOOP, // 28-2F
    RTPT, NOOP,  NOOP,  NOOP, NOOP, NOOP,      NOOP,      NOOP, // 30-37
    NOOP, NOOP,  NOOP,  NOOP, NOOP, GPF,       GPL,       NCCT, // 38-3F
};

void Psyz_GteCommand(unsigned int cmd) { gte_ops[cmd & 0x3F](cmd); }
